"","M_lnAUC_Utot","SD_lnAUC_Utot","GM_AUC_Utot","GSD_AUC_Utot","TKVF05","TKVF01"
"1",-0.0329933796169455,0.807629,0.96754496508612,2.24258451031518,3.77511743143173,6.54581560887778
"2",1.14353862038305,0.552682,3.13785241100548,1.73790784178997,2.48204047050246,3.61730978309435
"3",1.08440862038305,0.292791,2.95769018375334,1.34016266716238,1.61865950116838,1.97611682667315
"4",1.07865862038305,0.184738,2.94073226593306,1.20290323818964,1.35508877573859,1.536896085403
"5",0.622441620383055,0.620545,1.86347238396552,1.85994143375336,2.77515248138765,4.23593270641135
"6",0.764989620383055,0.399892,2.14897206903256,1.49166358927393,1.93047059845161,2.53523897811578
"7",1.10767862038305,0.681787,3.02732266616594,1.9774082052761,3.06927021930206,4.88453327277939
"8",1.26928862038305,0.207722,3.55832034521433,1.23087093985986,1.40729902907202,1.62130865211911
"9",0.878168620383055,0.657689,2.40648847438951,1.93032619193255,2.94999105179143,4.61823873828843
"10",0.845238620383054,0.295902,2.32853338381053,1.34433840521262,1.62696363644434,1.99047039186353
"11",0.901898620383055,0.0395728,2.46427739970363,1.04036623479003,1.06725663506338,1.09643071465457
"12",0.647357620383055,0.517496,1.91048592440152,1.67782112123559,2.34246822983066,3.3330097327043
"13",0.993348620383055,0.585612,2.7002615005691,1.79608985634325,2.6201878722984,3.90531025645656
"14",-1.21856137961695,1.10298,0.295655196714799,3.01313179105582,6.13641474251285,13.0125617336388
"15",1.08171862038305,0.615874,2.94974468864117,1.85127390608634,2.75391237555465,4.19015267231551
"16",0.818048620383055,0.251067,2.26607355051686,1.28539620299179,1.51129736726312,1.79332095253671
"17",0.0825466203830545,1.12902,1.08604930429341,3.09262424280336,6.40495969059274,13.8252036346417
"18",0.933488620383055,0.246621,2.5433665590334,1.27969401682602,1.50028553450956,1.77486832849071
"19",0.941388620383055,0.450036,2.56353873001314,1.56836864574512,2.09644561588119,2.84892090239101
"20",1.14537862038305,0.300063,3.14363137445767,1.34994385135973,1.63813715291507,2.00983156917258
"21",0.970528620383055,0.813297,2.63933929920264,2.25533157036159,3.81047754141631,6.63269857925358
"22",1.16105862038305,0.459518,3.19331199257638,1.58331064531336,2.12939914621962,2.91246185666929
"23",0.629464620383055,0.40513,1.87660561387464,1.49949742205143,1.94717489420293,2.56632089327402
"24",1.03667862038305,0.344344,2.81983569870767,1.41106395802898,1.76190476613012,2.22791001350704
"25",0.737567620383055,0.13742,2.09084359891682,1.14730991750718,1.25362052580712,1.37669641199948
"26",1.12915862038305,0.204729,3.09305297327524,1.22719245074184,1.40038785591518,1.61005907988606
"27",0.735521620383054,0.267806,2.08657010618728,1.30709353926984,1.55348636121288,1.86453169326157
"28",0.635297620383054,0.318801,1.88758384129382,1.37547757763114,1.68941274625769,2.09937992767489
"29",1.20610862038305,0.677193,3.34046032845643,1.96834482650219,3.04616481658368,4.83260904062449
"30",0.956388620383054,0.56594,2.60228165648473,1.76110244120522,2.53676199241215,3.73061580735549
"31",-0.0211413796169455,0.893886,0.979080532753292,2.44461097539607,4.35059070085337,8.00038604175424
"32",0.586394620383055,0.319198,1.79749606306587,1.37602375063763,1.6905163046973,2.1013197268461
"33",0.974758620383054,0.383466,2.65052735048451,1.46736166130412,1.879010748815,2.44018855721612
"34",1.01027862038305,0.460872,2.7463661020029,1.58545589993675,2.13414688375245,2.92165021100944
"35",0.909308620383054,0.556749,2.48260551704676,1.74499030541002,2.49870003829092,3.65169649413147
"36",0.884198620383055,0.178474,2.42104343900579,1.19539180268256,1.34119848525843,1.514662452447
"37",0.429959620383054,0.759359,1.53719545093158,2.13690602463417,3.48697432745706,5.85053549864188
"38",0.514545620383055,0.42638,1.67287820732042,1.53170271158872,2.01643820354659,2.69637480640241
"39",1.02065862038305,0.83106,2.77502184817343,2.29575094697068,3.92345269318968,6.91252279298278
"40",1.06112862038305,0.180581,2.88963044539783,1.19791314851587,1.34585474965247,1.52210496987571
"41",0.828008620383055,0.152364,2.28875641623689,1.16458406789082,1.28481723417415,1.42539884741451
"42",0.822198620383054,0.39678,2.27549729649939,1.48702874773807,1.92061418345303,2.51695115383209
"43",1.06561862038305,0.379757,2.90263405736035,1.46192929744872,1.86758224797781,2.41922415002416
"44",0.833478620383054,0.240949,2.30131021717754,1.27245613839031,1.48635354698446,1.75160269388783
"45",1.04556862038305,0.358303,2.8450157977734,1.43089911723435,1.80282700121237,2.30144554263712
"46",0.791298620383055,0.51114,2.20625966049181,1.66719070942566,2.3181060230215,3.28408952551359
"47",1.19246862038305,0.269368,3.29520578717807,1.3091368147609,1.55748280545875,1.8713192700599
"48",0.807268620383055,0.521935,2.241776474177,1.68528552417809,2.35963436696569,3.3676069142157
"49",0.991288620383054,0.302326,2.69470468736061,1.3530022335496,1.64424615973103,2.02044027860192
"50",0.918358620383054,0.139637,2.50517507016219,1.14985632524429,1.25820037463267,1.38381508350894
"51",1.04105862038305,0.764901,2.83221366702998,2.14878163474293,3.51890613463428,5.9264525624943
"52",1.03756862038305,0.310992,2.82234646960684,1.36477830291606,1.66785157998451,2.06158597640064
"53",1.04057862038305,0.309968,2.83085453068863,1.36338148522659,1.66504473183567,2.05668075194363
"54",1.26148862038305,0.789692,3.53067340973983,2.20271788465742,3.66536437421858,6.27829411189864
"55",0.359576620383054,1.0765,1.43272270054608,2.93439118777525,5.87487585893693,12.2351564806595
"56",0.848178620383055,0.451597,2.33538934528395,1.5708187810342,2.10183540074958,2.85928536397748
"57",0.889068620383054,0.645454,2.43286267703873,1.90685254384015,2.89121651479698,4.4886435017779
"58",1.12186862038305,0.952421,3.0705866065031,2.59197724625372,4.7903004612722,9.16748118444528
"59",0.537073620383055,0.791249,1.71099251520067,2.2061501877584,3.67476353902309,6.30107610410786
"60",0.794418620383055,0.49601,2.21315394011612,1.64215597929639,2.26112809879375,3.17050794162117
"61",0.766661620383055,0.309091,2.15256815582277,1.36218632381893,1.66264457539102,2.05248897480155
"62",1.00437862038305,0.143086,2.73021024863393,1.15382902669557,1.2653585567222,1.39496288879484
"63",0.823498620383055,0.349903,2.27845736661353,1.41892990571683,1.778089047207,2.25690882431201
"64",1.04044862038305,0.250862,2.83048654351932,1.28513272377772,1.5107878512651,1.79246591931714
"65",0.946468620383055,0.414031,2.57659464069759,1.51290402618226,1.97589288926778,2.62001524546803
"66",0.712302620383054,0.735324,2.03868016469144,2.0861577981452,3.35180949705663,5.53238731069606
"67",0.859308620383054,0.378272,2.36152741724269,1.45975994358591,1.86302604409251,2.41088105338047
"68",0.929348620383055,0.26811,2.53285878757417,1.30749095611008,1.55426335379203,1.86585077463978
"69",1.04802862038305,0.482725,2.852023152148,1.62048421057399,2.21225413670082,3.07402038800361
"70",0.0611256203830545,1.02094,1.06303244434282,2.77580279262386,5.36178457035328,10.7516754530092
"71",0.955968620383054,0.346105,2.60118892767812,1.41355103088399,1.76701567551258,2.23705581034956
"72",1.12934862038305,0.587464,3.09364070917331,1.79941929686748,2.6281818388749,3.92217217840805
"73",0.649205620383055,0.572834,1.91401976665436,1.77328542793822,2.56569162727918,3.79092919063504
"74",0.951218620383055,0.459847,2.58886257852697,1.58383164021463,2.13055179699394,2.91469181634938
"75",-0.136991579616945,1.09503,0.871977568486338,2.98927236021901,6.05669376050304,12.7741131445652
"76",0.0729146203830545,0.681697,1.07563869537428,1.97723024654589,3.06881588790907,4.88351069870843
"77",1.10977862038305,0.451968,3.03368672368649,1.57140166291987,2.10311841768132,2.8617542071134
"78",1.12187862038305,0.243699,3.0706173125227,1.27596020865921,1.49309206939647,1.7628444170735
"79",0.403736620383054,0.955692,1.49740950787422,2.60046948531134,4.81614325136306,9.23750707743822
"80",0.618256620383055,0.305471,1.85569004793523,1.35726412388379,1.65277398991794,2.03527676363039
"81",-0.267863979616945,0.845287,0.76501183122856,2.32864604008879,4.01634942878888,7.14513435600418
"82",0.675708620383054,0.362638,1.96542522299866,1.43711552924558,1.81572789168296,2.32477239668023
"83",0.812618620383055,0.155772,2.25380211822803,1.16855974109339,1.29203970870186,1.4367446016079
"84",0.975988620383055,0.0862356,2.65378950493932,1.09006311692459,1.15239794320304,1.22215293550946
"85",0.887198620383054,0.336,2.42831747492115,1.39933902481093,1.73788840975266,2.18508097132969
"86",0.850108620383055,0.29671,2.33990099906579,1.34542506959732,1.62912737654326,1.99421537592778
"87",0.693884620383055,0.921553,2.00147542359741,2.51319034544349,4.55315224633019,8.53224795851252
"88",1.13554862038305,0.453379,3.11288086441885,1.57362047567052,2.10800518959571,2.87116328313824
"89",1.03957862038305,0.753566,2.82802509111351,2.12456271494889,3.45390601283661,5.77221946217966
"90",0.693913620383054,0.255032,2.00153346722633,1.29050291630548,1.52118602497735,1.80993901440715
"91",0.849988620383054,0.123269,2.33962022779251,1.13118866977636,1.22477782688613,1.3321132300964
"92",1.08380862038305,0.266841,2.95591610192086,1.30583280240782,1.55102249350176,1.86035065296613
"93",0.743985620383054,0.418194,2.10430578708677,1.51921537359797,1.98946929585469,2.64551227375849
"94",0.841368620383055,0.476625,2.31953937424888,1.61062934478841,2.19016823375841,3.03070587811762
"95",0.715322620383054,0.18154,2.04484628494394,1.19906249825041,1.34797939590556,1.52550452750581
"96",0.717592620383054,0.568331,2.04949335844369,1.76531827516319,2.5467583283214,3.75142442153369
"97",1.22608862038305,0.280247,3.40787394523699,1.32345666576582,1.58560382098139,1.91928364077535
"98",0.919038620383055,0.503171,2.50687916853768,1.65395766376295,2.28791893944752,3.22376775619177
"99",0.733477620383055,0.463962,2.08230951270015,1.59036253551543,2.14502150606588,2.9427279118758
"100",0.783317620383055,0.156416,2.18872158094043,1.16931253594057,1.29340907308135,1.43889869963606
"101",0.967058620383054,0.298295,2.63019666348118,1.34755925923112,1.63338020447077,2.00158214251804
"102",0.817918620383054,0.706247,2.26577898010279,2.02637199594263,3.19527430777761,5.17053521823008
"103",0.236038620383055,0.938809,1.26622321124804,2.55693429538195,4.68423862275845,8.8817296752078
"104",0.701056620383054,0.28686,2.01588160414737,1.33223768714294,1.6029452389286,1.94903845536152
"105",-1.10625637961695,1.03422,0.330795016937671,2.81291130889298,5.48019408917695,11.0890207621697
"106",1.18234862038305,0.326182,3.2620264751004,1.38566753741656,1.7100483513298,2.13573917006806
"107",0.980878620383055,0.0297808,2.66679831623978,1.03022868307383,1.05020465730275,1.07173678998166
"108",0.585286620383055,0.547652,1.7955055403812,1.72918811384628,2.46158974371951,3.57522841321803
"109",1.33833862038305,0.858984,3.81270389204068,2.36076094172143,4.10786302442088,7.37647293463559
"110",0.950338620383055,0.3039,2.58658538157149,1.35513353596018,1.64850862777852,2.02785202871209
"111",0.968158620383055,0.401599,2.63309147166361,1.49421203349916,1.93589852310694,2.54532662046213
"112",0.862228620383054,0.396649,2.36843315477107,1.48683395973101,1.92020038211079,2.51618422587975
"113",1.02472862038305,0.426863,2.78633920228855,1.53244270269188,2.01804082824589,2.69940622607516
"114",1.09350862038305,0.392878,2.98472799990578,1.48123766731003,1.90832673523882,2.49420714228389
"115",0.746477620383055,0.130049,2.1095562564759,1.13888418728259,1.23851312740682,1.35329074423214
"116",1.05632862038305,0.445223,2.87579345460483,1.56083822395003,2.07991424885675,2.81720026942284
"117",1.17657862038305,0.711107,3.24325877921094,2.03624413370635,3.22091966201955,5.22932526677717
"118",1.00155862038305,0.53471,2.72252190139746,1.70695315405522,2.40974198804105,3.46919116014349
"119",0.934038620383054,0.654188,2.54476579539559,1.92357993614609,2.93305195712628,4.58077804730756
"120",1.00606862038305,0.019889,2.73482820502816,1.02008810396273,1.03325549626063,1.047355832077
"121",0.0168166203830545,0.966804,1.01695881570693,2.62952704705183,4.90498024728038,9.47941333647733
"122",-0.403359379616945,0.888509,0.668071964729629,2.43150157838028,4.31228209001421,7.90093433881922
"123",0.0438206203830545,1.00527,1.04479492316513,2.73264498737657,5.22535117210955,10.3667931078046
"124",-0.0674313796169455,0.933856,0.934791864191021,2.5443011117229,4.64623135008782,8.77997816077157
"125",0.226634620383055,0.659585,1.25437146243491,1.93398956217001,2.95920537982066,4.63865365001869
"126",0.913458620383055,0.306486,2.49292973788334,1.35864244634985,1.65553564446533,2.04008822510871
"127",1.06586862038305,0.372655,2.90335980658957,1.45158345714277,1.84589255165935,2.37958277335049
"128",1.00993862038305,0.287694,2.74543249625019,1.3333492368258,1.60514568085727,1.9528236000776
"129",0.898278620383055,0.495497,2.45537284248933,1.64131376932434,2.25922094124717,3.16672646214777
"130",1.01656862038305,0.491836,2.76369518762468,1.63531590540382,2.24565722400602,3.13987073845836
"131",1.00262862038305,0.503211,2.72543655889563,1.65402382339269,2.28806947607031,3.2240677543602
"132",1.00575862038305,0.241292,2.73398053967952,1.27289266570594,1.48719236165524,1.75300092082303
"133",-0.293952679616945,0.672275,0.745311759046777,1.95868827157738,3.02162260057288,4.77763434465625
"134",1.16736862038305,0.411328,3.21352549778996,1.50882016841972,1.96712749181351,2.60359196951378
"135",0.912498620383055,0.367446,2.49053767370948,1.44404181816592,1.83014442738748,2.35092112848655
"136",0.981158620383054,0.386827,2.66754512431658,1.47230176103495,1.88942735039633,2.45934282284971
"137",1.27088862038305,0.437334,3.56401821484683,1.54857321414316,2.05309911723415,2.76596898751414
"138",0.405464620383055,0.339659,1.49999926841251,1.40446858511028,1.74837946353605,2.20376000024108
"139",-0.235081479616945,1.00314,0.79050643684294,2.72683064802313,5.20707598713511,10.3155514530116
"140",0.810778620383054,0.122682,2.24965893522779,1.13052485687535,1.2235958389926,1.33029538276999
"141",1.02347862038305,0.642108,2.78285845420647,1.90048287762279,2.87534789157682,4.45383971175074
"142",0.670838620383055,0.435942,1.95587687127055,1.54641909984046,2.04840364458662,2.75702650279192
"143",0.766359620383054,0.431629,2.15191817839124,1.53976375682693,2.03392317426277,2.72950208611588
"144",0.687846620383055,0.418566,1.98942692600872,1.51978062684754,1.99068699587598,2.64780269473193
"145",0.899868620383055,0.619179,2.45927999066856,1.85740248824943,2.76892407421187,4.2224931620929
"146",0.853628620383055,0.113714,2.34815196376097,1.12043163560859,1.2056789898888,1.30282934945559
"147",1.12865862038305,0.442339,3.0915068333558,1.55634325137817,2.07007100473242,2.79836240927014
"148",0.732588620383055,0.390839,2.08045916214604,1.47822050075302,1.90193720190557,2.4824040775693
"149",0.750872620383054,0.388946,2.11884816022472,1.47542487623853,1.89602433523168,2.47149616040864
"150",0.816208620383055,0.407525,2.26190780884155,1.50309302238994,1.95486077159019,2.58065932179307
"151",0.460491620383054,0.970098,1.58485293951304,2.63820299057899,4.93162828175226,9.55233301967436
"152",0.922848620383055,0.383288,2.51644859635391,1.46710049417297,1.87846068516298,2.43917830890908
"153",0.924788620383054,0.478819,2.52133524514755,1.61416694489914,2.19808641128094,3.04621416638937
"154",1.00481862038305,0.532443,2.73141180546645,1.70308787420508,2.4007730741008,3.45094339364935
"155",1.21185862038305,0.48428,3.35972330332432,1.62300602372301,2.21791976648093,3.08516070517713
"156",0.217291620383054,1.24734,1.24270644783184,3.4810709823889,7.78105336544674,18.2059189311019
"157",0.946298620383055,0.43485,2.57615665683835,1.54473133187246,2.04472764496635,2.75003151888812
"158",0.657614620383055,0.503422,1.93018262034928,1.65437285924141,2.28886372069767,3.22565070680001
"159",0.812358620383055,0.40758,2.25321620584921,1.50317569477964,1.95503762988065,2.58098953604091
"160",1.04034862038305,0.198091,2.83020350901693,1.21907332444675,1.38518083765018,1.58538705573065
"161",0.710213620383054,0.423502,2.0344258070511,1.5273008085616,2.00691516772326,2.67838225844168
"162",1.06731862038305,0.617004,2.90757273194186,1.85336702799137,2.75903579000336,4.20118212354641
"163",-0.810614379616945,1.3346,0.444584838436006,3.79847625199985,8.98199169941327,22.3035057068342
"164",0.730965620383054,0.361893,2.07708531554299,1.43604527689479,1.81350423249184,2.32074675532075
"165",0.885858620383055,0.000189308,2.42506570867472,1.00018932591989,1.00031143243543,1.00044049325201
"166",0.801208620383054,0.600699,2.22823238877121,1.82339290668025,2.68602371951287,4.04481106682299
"167",0.861078620383054,0.373848,2.36571102216933,1.45331622960039,1.84951832204817,2.38619608080062
"168",0.974978620383055,0.398413,2.65111053064908,1.48945904948443,1.92577997611825,2.52653105034627
"169",1.09211862038305,0.22444,2.98058211004689,1.25162161179835,1.44653486482952,1.68560663005412
"170",0.984458620383055,0.28149,2.67636256400048,1.32510274522781,1.58884898845092,1.92484157001857
"171",1.30102862038305,0.458726,3.6730729227966,1.58205715972808,2.12662693279842,2.90710068071898
"172",1.30593862038305,0.503524,3.69115205880531,1.65454161387939,2.28924776718433,3.22641620415563
"173",0.766618620383055,0.529451,2.15247559738209,1.69799985076422,2.38898693053204,3.42700673531702
"174",0.857428620383055,0.353351,2.35709191637549,1.42383082035312,1.78820205038321,2.27508484824705
"175",0.142725620383055,0.420816,1.1534132851498,1.52320398308949,1.99806802037622,2.6616983778551
"176",0.404472620383055,1.36147,1.4985120069419,3.90192491765439,9.38787410304053,23.7421711433766
"177",1.22801862038305,0.282097,3.41445749303133,1.32590732675996,1.59043612902135,1.92756154561029
"178",0.957728620383055,0.547471,2.6057710512768,1.72887515912093,2.46085699197973,3.57372331238758
"179",0.781182620383055,0.483344,2.18405364515969,1.62148760081758,2.21450772216124,3.0784501947714
"180",0.665292620383054,0.606079,1.94505960215629,1.83322919641212,2.7098986654487,4.0957530408193
"181",1.02892862038305,0.47439,2.7980664368918,1.60703360793554,2.18213141420592,3.01498895844828
"182",0.998638620383055,0.183074,2.71458373281184,1.20090327163494,1.35138491949339,1.53095819511019
"183",0.768253620383055,0.586112,2.15599777357822,1.79698812582008,2.62234367143292,3.90985545447833
"184",1.02377862038305,0.624101,2.78369343698388,1.86656715904943,2.79143218877263,4.27111977195467
"185",1.01373862038305,0.253525,2.75588498689033,1.28855959307245,1.51741998709839,1.80360482860693
"186",0.924478620383055,0.420007,2.52055375235919,1.52197220938681,1.99541098629905,2.6566937313259
"187",0.896168620383055,0.762838,2.45019746773216,2.14435326766168,3.50698555090347,5.89807814397183
"188",0.856628620383054,0.648336,2.3552069969107,1.91235601957074,2.90495477176605,4.51883887718181
"189",0.747474620383055,0.11931,2.11166053287108,1.12671914709069,1.2168280162526,1.31990077702409
"190",0.846878620383055,0.259822,2.33235531168421,1.29669925365509,1.53321855878925,1.83022032783297
"191",0.946838620383055,0.215067,2.5775481571043,1.23994497049609,1.42440436232581,1.64925003150974
"192",0.872578620383055,0.451845,2.39307373295207,1.57120839240171,2.10269296412028,2.86093545965217
"193",1.22211862038305,0.301879,3.39437150575099,1.35239757670208,1.64303767277126,2.01834036023489
"194",0.824138620383055,0.593277,2.2799160460558,1.80990978229578,2.65343181110334,3.97557220093529
"195",0.768467620383054,0.0416038,2.15645920647333,1.04248136580136,1.07082797893562,1.10162340181245
"196",-0.423141379616945,0.941556,0.654986024892199,2.56396785005577,4.70545183597764,8.93866991371689
"197",0.774949620383054,0.303175,2.17048277633808,1.35415142020659,1.64654392182411,2.02443473162208
"198",0.682133620383054,0.535762,1.97809373406793,1.70874981365053,2.41391538162785,3.47769177159527
"199",0.960598620383055,0.360792,2.61326035620581,1.43446506111334,1.8102229776736,2.31481021165485
"200",0.598664620383055,0.101245,1.81968720399829,1.1065477127455,1.18120275760093,1.26558072819237
"201",1.03982862038305,0.553265,2.82873218576944,1.73892133746702,2.48442176396675,3.62221912701569
"202",0.682866620383055,0.653866,1.97954420830887,1.92296064311818,2.93149889839562,4.57734794457199
"203",0.837428620383055,0.0852365,2.31041836929333,1.08897457873427,1.15050567851427,1.21931564003897
"204",1.16407862038305,0.318221,3.20297037160561,1.37468003194672,1.6878017895422,2.09654918278229
"205",0.975678620383055,0.276141,2.6529669576942,1.31803369367681,1.57493110017488,1.90103795342416
"206",0.679224620383055,0.126247,1.97234782087822,1.13456237058215,1.2307919645958,1.34137397088258
"207",0.759067620383055,0.149013,2.13628346448034,1.16068807805602,1.27775492553982,1.41433021926098
"208",1.08172862038305,0.462471,2.94977418623554,1.5879930718491,2.13976733617557,2.93253849257035
"209",0.926738620383055,0.651505,2.52625664568164,1.91842588842421,2.92013650135516,4.55227574508215
"210",0.795898620383054,0.133606,2.21643183298989,1.14294241160992,1.24578059039357,1.36453544047253
"211",1.01557862038305,0.469648,2.76096048329093,1.59943109437256,2.16517722275671,2.98191176394033
"212",1.06169862038305,0.139908,2.89127800426137,1.15016797853554,1.25876134917893,1.38468777132904
"213",0.869028620383055,0.700287,2.38459338272787,2.01433073744085,3.16410302769211,5.09934027575849
"214",-0.141297479616945,1.27391,0.868230992254192,3.57480275071993,8.12865508689979,19.3667527522648
"215",1.22412862038305,0.592264,3.40120105387407,1.80807727200948,2.64901424695065,3.96621443620632
"216",0.795758620383054,0.0805795,2.21612155425329,1.08391501446068,1.1417263771514,1.20617711435913
"217",0.979238620383055,0.114695,2.66242835135181,1.12153131834931,1.20762604566804,1.30580599316921
"218",0.586971620383055,0.760922,1.7985335175711,2.1402486203087,3.49595054500344,5.87184724600961
"219",1.19148862038305,0.201775,3.29197806734768,1.22357267328586,1.39360001876069,1.599032633417
"220",1.20994862038305,0.447555,3.35331235621844,1.56448234608323,2.08790770197889,2.83252523441962
"221",0.687102620383054,0.534261,1.98794734284895,1.70618690412503,2.40796295595523,3.46556937708312
"222",0.779729620383054,0.563279,2.18088251959391,1.75642237719594,2.52568296195301,3.70759309320111
"223",0.552498620383055,0.244129,1.73758917413512,1.27650898952837,1.49414848764737,1.76460872479661
"224",0.859918620383054,0.312554,2.36296838841873,1.36691175241551,1.67214223616033,2.0690909028075
"225",0.809948620383055,0.192042,2.24779249299222,1.21172140819532,1.37146701421907,1.56323360309622
"226",-0.454371379616946,0.793121,0.634846920254506,2.21028396892186,3.68609618452679,6.3285766446541
"227",0.939508620383054,0.0561514,2.55872380464871,1.05775781614765,1.09676049911102,1.13954343892212
"228",0.799408620383055,0.727363,2.22422517804302,2.06961582858964,3.3082047434141,5.43087014445931
"229",0.852198620383054,0.534986,2.34479650617676,1.70742433814615,2.41083621010584,3.4714193459473
"230",1.18004862038305,0.288094,3.25453243565666,1.3338826832027,1.60620212023476,1.95464162463009
"231",0.642689620383055,0.262321,1.90158855871422,1.29994375740892,1.53953380762666,1.84089138128699
"232",0.808448620383055,0.219051,2.24442333175538,1.24489476470157,1.43376927313599,1.66460661484501
"233",0.961328620383054,0.507627,2.61516873273853,1.66134414396846,2.30474977273306,3.25735980750992
"234",1.08641862038305,0.213726,2.96364111970979,1.23828331867721,1.42126594678624,1.64411299451229
"235",0.944268620383055,0.525794,2.570932363277,1.69180160570882,2.37465975917511,3.39797529946265
"236",0.996208620383054,0.499588,2.70799530252591,1.64804213744766,2.27447472078684,3.1970083493556
"237",0.950508620383055,0.1903,2.58702513846463,1.20961242695822,1.36754292635495,1.55691142101888
"238",1.19188862038305,0.434467,3.29329512196798,1.54413981305544,2.04343991527766,2.74758235616002
"239",-0.691838379616945,1.32161,0.500654828898365,3.7494531399443,8.79211240480335,21.6395923026231
"240",1.06650862038305,0.44179,2.90521855160074,1.55548905343195,2.06820252337545,2.79479072009537
"241",0.933608620383054,0.197917,2.54367178133345,1.21886122414156,1.38478444934484,1.58474544544202
"242",0.914978620383055,0.0858403,2.49672187237702,1.08963230013102,1.1516488853494,1.22102955378777
"243",-0.270571179616945,0.33836,0.762943592030801,1.40264536485615,1.74464775070146,2.19711045312419
"244",0.896958620383054,0.580101,2.45213388851717,1.78621882974157,2.59654375021462,3.85556179563219
"245",0.781834620383055,0.518814,2.18547811246221,1.6800339474055,2.34755201533784,3.34324484522017
"246",1.18042862038305,0.348276,3.25576939298921,1.41662318378737,1.77333692805159,2.24838264249469
"247",1.23814862038305,0.624578,3.44922173101845,1.86745772396714,2.79362319242645,4.2758619272383
"248",0.860648620383055,0.613693,2.36469398510844,1.84724067753167,2.74405061909276,4.16894666617859
"249",0.658199620383054,0.197953,1.93131210752498,1.21890510393546,1.38486645141075,1.58487817109086
"250",0.703674620383055,0.611573,2.02116609656931,1.84332867548265,2.73449853264282,4.14843663317768
"251",0.767849620383054,0.208419,2.15512692640067,1.23172915595851,1.40891337052234,1.62393967897235
"252",0.802158620383054,0.575349,2.23035021534889,1.77775085370866,2.57632738189756,3.81317403732223
"253",0.838008620383055,0.671087,2.31175880063503,1.95636273155503,3.01572385502838,4.76444861962479
"254",0.779862620383055,0.0328644,2.18117259625868,1.03341039928989,1.05554490111371,1.07945256360104
"255",0.910428620383054,0.249233,2.48538759289751,1.28304094678561,1.50674516428195,1.78568600814868
"256",0.921348620383055,0.334236,2.51267675304907,1.39687276665038,1.73285319707159,2.17613247681095
"257",1.00960862038305,0.527384,2.74452665299879,1.69449370991758,2.38087837612978,3.41056732083263
"258",1.33468862038305,0.216627,3.79881288933657,1.24188079419997,1.42806403685169,1.65524620300491
"259",-0.258029379616945,1.11375,0.772572533888389,3.04575860044146,6.24609036875807,13.3427070169916
"260",0.907958620383055,0.607168,2.47925626085534,1.83522667043422,2.7147571095432,4.10614234676615
"261",0.794028620383054,0.53518,2.21229097836795,1.70775561060014,2.41160563456233,3.47298639096239
"262",1.32545862038305,0.62632,3.76391116560425,1.8707136704283,2.80163933777373,4.29322500729321
"263",0.801688620383054,0.331938,2.22930219705127,1.39366643851465,1.72631559439891,2.16453002769659
"264",0.449777620383054,0.959465,1.56796346360287,2.6102995895096,4.84612533269456,9.31894442316944
"265",0.930548620383054,0.472843,2.53590004250726,1.60454944893647,2.17658584615774,3.00415793615685
"266",0.483794620383055,1.28577,1.62221844083471,3.61745232338791,8.28878542805365,19.9085304559098
"267",0.642709620383054,0.517556,1.90162659086572,1.67792179352301,2.34269942228063,3.33347498958037
"268",0.859648620383054,0.862326,2.36233047307631,2.36866380311449,4.13050654145379,7.43404597909827
"269",0.928608620383055,0.130138,2.53098516539707,1.13898555248594,1.23869444905857,1.35357096526939
"270",0.405247620383055,0.592582,1.49967380388545,1.80865233201168,2.6504002119329,3.96914964243175
"271",1.05433862038305,0.383912,2.87007631606972,1.46801625056761,1.88038970570759,2.44272169156531
"272",0.506505620383054,0.749818,1.65948219068203,2.11661475766928,3.43267848843972,5.72210938044933
"273",0.736824620383055,0.592695,2.08929067910398,1.80885672127297,2.65089288352291,3.97019317896684
"274",0.534575620383055,0.605435,1.70672378975552,1.83204897688111,2.70702962828039,4.08962150873069
"275",1.12315862038305,0.12774,3.07455021920603,1.13625753732852,1.23381821659109,1.34604098121907
"276",0.631986620383055,0.375517,1.88134438631314,1.45574383966467,1.8546027078069,2.39547891316544
"277",1.05117862038305,0.57182,2.86102118954592,1.77148822784873,2.56141592415434,3.78199724329276
"278",0.330185620383055,0.816875,1.39122634446494,2.26341560042576,3.83296941323267,6.68813739851101
"279",0.991618620383055,0.402206,2.69559408665025,1.49511929552966,1.93783234004523,2.54892339766627
"280",0.977588620383055,0.550124,2.65803896681017,1.73346795456741,2.47161913635889,3.59584782499304
"281",0.857738620383055,0.215275,2.35782272813954,1.2402029058743,1.42489177653024,1.65004826431411
"282",0.744192620383055,0.615735,2.1047414234715,1.8510165968968,2.75328280772437,4.18879795372601
"283",0.656757620383055,0.266525,1.92852916245155,1.30542022443301,1.55021652220951,1.85898356351861
"284",0.631348620383055,0.946284,1.88014447140823,2.57611899271655,4.74218817522241,9.03752877683741
"285",0.881308620383054,0.309558,2.41405672413286,1.3628226133942,1.66392222088815,2.05472001966118
"286",0.415637620383055,0.432064,1.51533664225035,1.54043369976317,2.03537899009793,2.73226563473043
"287",0.798608620383054,0.0408114,2.22244650946288,1.04165563076653,1.06943319017654,1.09959454194846
"288",0.897138620383054,0.570288,2.45257531234405,1.76877638568516,2.55496949744548,3.76854232836743
"289",0.790548620383055,0.600739,2.20460558610187,1.82346584385525,2.686200449961,4.04518746984066
"290",1.00434862038305,0.378441,2.73012834355506,1.46000666386365,1.86354400054964,2.41182908434298
"291",1.09473862038305,0.588098,2.98840147406914,1.80056049042183,2.63092403424665,3.92796127614213
"292",0.989338620383055,0.256766,2.68945513319901,1.29274258959792,1.52553090877866,1.81725484996207
"293",0.963548620383055,0.609953,2.62098085639543,1.84034490053862,2.72722171535748,4.13283191135405
"294",0.175986620383055,0.507914,1.19242210439294,1.66182101816595,2.30583803970214,3.2595353485341
"295",0.925368620383054,0.359416,2.52279804376032,1.43249259455746,1.80613049939305,2.30741222460346
"296",0.813258620383055,0.731477,2.25524501326086,2.07814776627069,3.33066704078853,5.48309632310786
"297",0.860708620383055,0.398068,2.36483587100408,1.4889452747436,1.92468745510492,2.52450409526453
"298",0.767848620383054,0.449871,2.15512477127482,1.56810988626682,2.09587671596577,2.84782756136353
"299",1.02674862038305,0.466375,2.79197329599604,1.59420471403774,2.153552082505,2.95929329977849
"300",0.959148620383055,0.596775,2.60947387455194,1.81625193266838,2.66874286171489,4.00805566648919
"301",0.228198620383054,0.829359,1.25633483435879,2.29184919399157,3.91249062303428,6.88522317597627
"302",0.986968620383055,0.303725,2.68308867177011,1.35489640834066,1.64803417387322,2.02702663611687
"303",0.916728620383054,0.229661,2.50109496099017,1.25817341683773,1.45901088312814,1.70620461290158
"304",0.938408620383055,0.707334,2.55591075592405,2.02857585988527,3.20099242765411,5.18362670368318
"305",0.927718620383055,0.656286,2.52873359069922,1.92761984323282,2.94319111922834,4.60318999747648
"306",1.24677862038305,0.424242,3.47911732851629,1.52843142943806,2.00935945545736,2.68299705765035
"307",1.07596862038305,0.566674,2.93283232632021,1.76239556491541,2.5398265319721,3.7369914223649
"308",0.0246126203830545,1.5525,1.02491801126677,4.72326359366866,12.8537456076288,37.0272850422646
"309",0.952568620383055,0.43358,2.59235990317096,1.54277076830237,2.04046074056572,2.74191864630408
"310",0.691217620383055,0.832374,1.99614460045514,2.29876954650057,3.93194176985144,6.93368546733133
"311",0.752182620383055,0.667794,2.12162567018643,1.9499310246974,2.99943333638965,4.72808922809971
"312",1.18775862038305,0.499897,3.2797218611909,1.64855146115459,2.27563103861698,3.1993073178088
"313",1.02430862038305,0.356864,2.78516918554431,1.4288415341907,1.79856485611327,2.29375407118271
"314",1.18805862038305,0.205767,3.2807059253515,1.22846693785008,1.40278086169233,1.61395166650783
"315",-0.783864379616945,1.31805,0.456637974841124,3.73612881813118,8.74077906007574,21.4611176267797
"316",1.17294862038305,0.54012,3.23150709205882,1.71621279536406,2.43128115084403,3.5131287202353
"317",1.21049862038305,0.260627,3.35515718529585,1.29774351681381,1.53525004913431,1.83365101114867
"318",0.788778620383054,0.618123,2.20070688558228,1.85544210648558,2.7641187233888,4.212132817717
"319",0.895068620383054,0.585654,2.44750373234373,1.79616529370139,2.62036889122312,3.90569184972728
"320",0.763482620383054,0.428708,2.14573600710962,1.53527266931979,2.02417438984282,2.7110172796106
"321",0.395871620383055,0.292649,1.4856785744616,1.33997237757453,1.6182814762885,1.97546414128823
"322",1.00306862038305,0.111342,2.7266360148425,1.11777712126754,1.20098408617589,1.29566000927567
"323",0.494341620383055,0.368491,1.63941852392503,1.44555163060551,1.83329291662305,2.35664324908787
"324",-0.243611379616945,0.989496,0.783792172698497,2.68987843192609,5.09151833872191,9.99327049510687
"325",1.16406862038305,0.528082,3.20293834206204,1.69567687940522,2.38361345101954,3.41610986747616
"326",1.15554862038305,0.318028,3.17576522922376,1.37441474430164,1.68726607050976,2.09560807464219
"327",0.768603620383055,0.357763,2.15675250486924,1.43012664029858,1.80122640343272,2.29855621785175
"328",-0.196869179616945,0.737938,0.821298068813092,2.09161814819786,3.36625212283078,5.56613266368579
"329",0.462490620383055,1.21837,1.58802422918712,3.38167111488123,7.41897059308217,17.0193759927108
"330",0.980328620383055,0.582442,2.66533198044515,1.79040526633413,2.60656128204505,3.87661638891184
"331",1.12387862038305,0.409247,3.07676469247857,1.50568357840308,1.96040564246228,2.5910181029336
"332",0.781600620383055,0.304619,2.18496677041325,1.3561082273321,1.65045938941437,2.03124674176901
"333",0.919158620383054,0.365943,2.50718001208816,1.4418730535481,1.82562550505491,2.34271548463174
"334",0.160751620383055,1.08927,1.17439323724287,2.97210364479262,5.99958146060686,12.6040847604386
"335",0.226741620383055,0.505703,1.2545056873623,1.65815079082628,2.29746746409805,3.24281279227021
"336",0.402815620383055,0.73241,1.49603102860461,2.08008758292037,3.33578236785707,5.49501021285531
"337",0.962818620383054,0.477312,2.61906823856071,1.6117362273189,2.19264455436787,3.03555342789841
"338",0.743612620383055,0.597324,2.10352102739496,1.81724932873958,2.67115389072549,4.0131778850986
"339",0.979138620383055,0.440935,2.66216212182837,1.55415967867996,2.06529595137238,2.78923732943961
"340",1.06883862038305,0.45142,2.91199560302489,1.5705407707146,2.10122356336874,2.85810825677933
"341",0.0165856203830545,1.11836,1.01672392535139,3.05983196176331,6.29363309312317,13.4865704442399
"342",0.854618620383055,0.563375,2.35047778529679,1.756591001838,2.52608181380565,3.70842120019376
"343",0.993068620383055,0.679493,2.69950553318931,1.97287722986899,3.05771078201723,4.85853569882606
"344",0.975688620383055,0.31146,2.65299348749642,1.36541716864475,1.66913597224342,2.06383171083871
"345",0.930088620383055,0.522916,2.5347337967448,1.68693960046908,2.36344494985684,3.37530106537629
"346",0.789628620383054,0.434114,2.20257828166569,1.54359482789697,2.04225377034533,2.74532696552339
"347",0.948368620383055,0.223286,2.58149482421512,1.25017807354011,1.44379171293601,1.68108751005541
"348",0.498630620383055,0.567462,1.64646509053414,1.76378487993879,2.54312064892874,3.74384821638824
"349",0.785528620383054,0.437174,2.19356619810658,1.54832546224958,2.05255886072398,2.76493964212346
"350",1.02444862038305,0.568894,2.78555913652622,1.7663124291802,2.54911785282574,3.75634100810297
"351",1.03922862038305,0.345328,2.82703545552795,1.41245312832338,1.76475878140806,2.23301582262235
"352",0.649764620383054,0.22369,1.91509000280705,1.25068324752009,1.44475146150554,1.68266821366634
"353",0.991328620383054,0.281733,2.69481247770389,1.32542478432107,1.58948417742198,1.92592999545032
"354",0.996438620383054,0.123717,2.70861821307746,1.13169555583442,1.22568069145555,1.33350228734488
"355",0.767325620383055,0.425229,2.15399793571263,1.52994073597917,2.01262424074135,2.68916457948325
"356",0.920348620383054,0.466587,2.51016533221573,1.59454272126462,2.15430317638017,2.96075314101878
"357",1.21251862038305,0.25376,3.36194145261326,1.28886244015996,1.51800664491043,1.80459111406021
"358",0.671405620383055,0.13406,1.95698616791244,1.14346142527197,1.24671124137044,1.36597737218612
"359",-1.08921737961695,1.31671,0.336479726580098,3.73112575831359,8.72153469129365,21.3943209197745
"360",-1.22295137961695,1.36289,0.29436011518509,3.90746958682088,9.40982691441512,23.8207310499804
"361",1.14811862038305,0.575553,3.15225673577237,1.77811355187677,2.57719201396658,3.81498410373464
"362",0.749292620383055,0.00349863,2.11550302348549,1.00350475734963,1.00577132453695,1.00817224241421
"363",0.377576620383055,0.469233,1.45874520912922,1.59876746818035,2.16369974625009,2.97903431306037
"364",1.01938862038305,0.30733,2.77149980739553,1.3597896246157,1.65783554857942,2.04409774598276
"365",0.898488620383054,0.0377391,2.45588852493102,1.03846026324936,1.06404245933457,1.09176349593629
"366",1.22494862038305,0.224495,3.40399118253466,1.25169045288011,1.44666573434566,1.68582231575924
"367",0.864998620383054,0.614464,2.37500280938073,1.84866544927297,2.74753278263878,4.17643085803349
"368",0.944278620383054,0.618013,2.57095807272918,1.85523801907888,2.76361864585283,4.2110550781339
"369",0.678752620383055,0.121915,1.97141709237597,1.12965807676279,1.22205312049297,1.32792384139641
"370",0.847588620383054,0.0691141,2.33401187196482,1.07155846699449,1.12039643002438,1.17443060611205
"371",0.256144620383055,0.915612,1.29193955522322,2.49830374603055,4.5088751909902,8.41513634096406
"372",0.283892620383055,0.861893,1.32829029179195,2.3676383937049,4.12756575276243,7.42656137071989
"373",0.878378620383055,0.431496,2.40699389003592,1.53955898186511,2.03347827064329,2.72865769715849
"374",0.867468620383055,0.435814,2.38087631711581,1.5462211708634,2.04797241649084,2.7562056582593
"375",1.03092862038305,0.497995,2.80366816963108,1.64541889628902,2.26852282538031,3.18518257105314
"376",1.00347862038305,0.392939,2.72775416481367,1.48132802556364,1.90851821885228,2.49456111340128
"377",0.840538620383054,0.674439,2.31761495531259,1.96293146247375,3.03239711954739,4.80174663405801
"378",0.546541620383055,1.05034,1.72726912421146,2.85862288463426,5.62744521505421,11.5127627693485
"379",0.802228620383054,0.182642,2.23050634532845,1.20038459346414,1.35042499785594,1.52942038211709
"380",0.530055620383055,0.749518,1.69902680651232,2.11597986848012,3.43098503019916,5.71811728856287
"381",0.544011620383055,0.217129,1.72290465670664,1.24250437486431,1.42924369988618,1.65718037277223
"382",0.599578620383055,0.0912737,1.82135115841407,1.09556882141317,1.16198747145391,1.23656129478895
"383",1.04209862038305,0.115625,2.83516070143596,1.12257482763198,1.2094747816416,1.3086341673148
"384",1.05571862038305,0.788419,2.87403975553012,2.19991560881725,3.65769750226864,6.25972881886406
"385",0.343555620383055,0.467291,1.4099519423691,1.59566567457357,2.15679925473068,2.96560608409488
"386",0.712563620383055,0.621909,2.03921232965893,1.86248012486273,2.78138574875868,4.24939525553677
"387",-0.163734179616945,0.878754,0.848967664798492,2.40789759608615,4.24364132647918,7.72365347158421
"388",0.419528620383054,0.641668,1.52124430302595,1.8996468490964,2.87326765281942,4.44928312475432
"389",0.899258620383055,0.264583,2.45778028733027,1.30288755837187,1.54527255714074,1.85060405045809
"390",1.07108862038305,0.700746,2.91855496965192,2.01525552747241,3.16649278892949,5.10478822717385
"391",0.226991620383055,0.574578,1.25481935299071,1.77638073604868,2.57306220036869,3.80634080410432
"392",0.713398620383054,0.807487,2.04091578304702,2.24226608592338,3.77423578318359,6.54365361211592
"393",0.921898620383055,0.319578,2.51405910537529,1.37654673902437,1.69157328270455,2.10317814041331
"394",0.451455620383055,0.795413,1.57059671497483,2.21535574981925,3.70001901184828,6.36241066894991
"395",0.245721620383055,0.567852,1.27854360351804,1.76447289019525,2.54475256618149,3.74724646012925
"396",0.953998620383055,0.621821,2.59606962965477,1.86231623382306,2.78098318032026,4.24852541427371
"397",0.983848620383055,0.362262,2.67473048067246,1.43657527538067,1.81460527478367,2.32273979155128
"398",1.00334862038305,0.461911,2.72739957982077,1.58710404467971,2.13779726537304,2.92872060137324
"399",0.310016620383055,0.910748,1.36344777496816,2.4861815018073,4.47294554865995,8.32045277635152
"400",1.09989862038305,0.393515,3.00386147818331,1.48218151628809,1.91032727397253,2.49790600689899
"401",0.940498620383055,0.181658,2.56125819553181,1.1992039959734,1.34824105429594,1.52592334978573
"402",0.977598620383054,0.384867,2.65806554733274,1.46941887573382,1.88334580924078,2.44815462689966
"403",0.00363262038305451,0.722739,1.00363922634504,2.06006801655178,3.28313863406896,5.37276318696484
"404",1.01426862038305,0.37484,2.75734599306582,1.45475863461476,1.85253863491723,2.39170915291658
"405",0.805508620383055,0.38159,2.23783441760981,1.4646114713123,1.87322153664356,2.42956222124272
"406",0.982018620383055,0.609217,2.66984019986452,1.83899090502329,2.72392210496479,4.12576176392452
"407",1.11169862038305,0.438812,3.03951699746774,1.55086369760398,2.05809646553231,2.775495703961
"408",0.967648620383055,0.254186,2.63174893738841,1.28941161252487,1.51907069652281,1.80638039397854
"409",1.15766862038305,0.128515,3.18250499313519,1.13713847824046,1.23539204354064,1.348469973871
"410",0.808218620383055,0.698655,2.24390717374952,2.01104603072708,3.15562069606726,5.08001682675374
"411",0.872458620383054,0.493189,2.39278658133356,1.63752998531113,2.25066047013303,3.14976920421572
"412",0.256608620383054,0.812343,1.29253915427307,2.25318101002385,3.80450286571863,6.61799471581063
"413",1.03436862038305,0.237535,2.81332939591657,1.26811938019231,1.47803027529539,1.7377462973137
"414",0.298011620383055,0.892232,1.34717744250652,2.44057093088062,4.3387706225109,7.96966146987603
"415",0.728090620383054,0.13203,2.07112227124434,1.14114255303032,1.24255534886462,1.35954177089748
"416",0.763162620383054,0.943349,2.14504948143731,2.56856916825998,4.71934974459415,8.97603224048746
"417",1.06476862038305,0.488559,2.90016786669112,1.62996574620549,2.23358527960569,3.1160251243626
"418",0.863828620383055,0.15531,2.37222568103064,1.16801999118483,1.29105823178735,1.43520125722841
"419",0.822948620383054,0.718876,2.2772045596154,2.05212532498984,3.26234347970424,5.32469617856381
"420",0.856248620383055,0.0950337,2.35431218827629,1.09969591425396,1.16919622567961,1.24742502415199
"421",0.692770620383054,0.336129,1.99924702142599,1.39951955118883,1.73825720467282,2.18573681007593
"422",1.08851862038305,0.155182,2.96987130546663,1.16787049419397,1.29078643936777,1.43477395734428
"423",0.784978620383054,0.472341,2.19236006841369,1.60374416725572,2.17478934506817,3.00065164827664
"424",0.534193620383055,0.626791,1.70607194577796,1.87159498410015,2.80381068176443,4.297931714338
"425",0.912858620383054,0.250842,2.49143442867823,1.28510702138027,1.51073815158505,1.79238252327162
"426",1.12237862038305,0.512425,3.0721530050701,1.66933442653053,2.32301083914871,3.29392152994884
"427",0.860688620383055,0.245562,2.36478857475962,1.27833953818522,1.49767446192445,1.77050114033586
"428",1.33258862038305,0.4003,3.79084375279099,1.49227231218939,1.93176657262604,2.53764644236253
"429",0.965748620383055,0.542613,2.6267533617071,1.72049665147085,2.44127138024929,3.53356260650039
"430",0.728086620383054,0.0444446,2.07111398677183,1.04544705733913,1.07584334555598,1.10892779797147
"431",1.05811862038305,0.105882,2.88094573480365,1.1116906892653,1.19024645619823,1.27930679599015
"432",0.968068620383054,0.0366628,2.63285450409486,1.03734316973974,1.06216039188261,1.08903330527166
"433",1.20887862038305,0.486762,3.34972623091647,1.62703932793387,2.2269929913902,3.10302593621622
"434",0.862178620383055,0.141731,2.36831473607383,1.15226664711561,1.26254149556495,1.39057260802643
"435",0.873948620383054,0.317428,2.39635449077218,1.37359034280024,1.68560170850498,2.09268504707689
"436",0.939868620383054,0.613477,2.55964511104359,1.84684171663465,2.74307586295429,4.16685233364824
"437",0.682513620383055,0.852174,1.97884555252334,2.34473877709925,4.06210574147371,7.26053249969872
"438",1.21083862038305,0.284747,3.35629813268892,1.32942564088314,1.59738375166912,1.93948132307658
"439",0.981318620383055,0.321861,2.66797196568287,1.37969298530315,1.69793742193211,2.11437794434075
"440",1.04639862038305,0.447954,2.84737814112243,1.56510669908946,2.08927843845451,2.83515564120323
"441",0.726982620383055,0.475349,2.06882873861952,1.60857549238097,2.18557625647744,3.02172280987195
"442",0.940078620383054,0.477727,2.56018269296103,1.61240523666307,2.19414179575825,3.03848547062245
"443",0.505134620383055,0.840405,1.65720859950149,2.31730529540338,3.98422658702426,7.06444449344947
"444",0.681444620383055,0.547848,1.97673129689866,1.72952706793301,2.46238346680168,3.57685896102906
"445",1.11203862038305,0.462919,3.04055060895087,1.58870465212737,2.14134469990002,2.9355963886692
"446",1.24591862038305,0.830419,3.47612657382261,2.29427984215314,3.91931817623247,6.90222259679792
"447",0.755677620383055,0.561956,2.12905372486813,1.75410016687176,2.52019269479174,3.6961995602815
"448",0.951748620383055,0.465175,2.59023503936359,1.5922928157493,2.14930554130244,2.95104360531964
"449",0.935828620383055,0.392283,2.549325005445,1.48035659304357,1.9064599925667,2.49075710644253
"450",0.893458620383055,0.307238,2.4435664217202,1.35966452972469,1.65758469305347,2.04366030681066
"451",1.10778862038305,0.314584,3.02765568997519,1.369689401633,1.6777349394506,2.07888526467666
"452",0.823858620383054,0.442955,2.27927775892727,1.55730225416355,2.07216952539567,2.80237542206386
"453",1.03907862038305,0.434844,2.82661143201218,1.54472206351227,2.04470746539983,2.74999313397614
"454",0.917638620383054,0.522816,2.50337199329724,1.68677091494345,2.36305622972731,3.3745159442573
"455",1.04173862038305,0.318606,2.83414022727981,1.37520938565307,1.68887095999715,2.09842778548893
"456",1.06968862038305,0.875417,2.91447185154399,2.39987583356269,4.22041231201859,7.66392670323901
"457",-0.300888779616945,0.907333,0.740160089057624,2.47770567269409,4.44789066485331,8.25461300001912
"458",0.774338620383055,0.123305,2.16915701642264,1.13122939330149,1.22485035392247,1.33222479728424
"459",0.683936620383054,0.688604,1.98166345420612,1.99093424814736,3.1038795193749,4.96261317329993
"460",0.786658620383055,0.45908,2.19604632892044,1.58261730710286,2.12786558185093,2.9094957431139
"461",0.902808620383055,0.375522,2.46652091278099,1.45575111840207,1.85461796061957,2.39550677691388
"462",0.778287620383055,0.528204,2.17773995333547,1.69588376460425,2.38409182383407,3.41707954638527
"463",0.925058620383054,0.336367,2.52201609757468,1.39985267648235,1.73893782240951,2.18694732379321
"464",0.990158620383055,0.579113,2.69166139085025,1.78445491705414,2.59232749390182,3.84671022644188
"465",0.957008620383055,0.363528,2.60389557137366,1.4383951314051,1.81838791812179,2.32959070709059
"466",1.06759862038305,0.544908,2.9083869662943,1.72444972570358,2.45050444714058,3.55247863660362
"467",0.827588620383054,0.172969,2.28779534038213,1.18882925080602,1.3291088592187,1.49538853906099
"468",1.31912862038305,0.753939,3.74016085695686,2.12535532465408,3.45602573937593,5.77723035095582
"469",1.19451862038305,0.321416,3.30196788782681,1.37907915851128,1.69669505462465,2.11219022043625
"470",1.00228862038305,0.429793,2.72451006797799,1.53693934417361,2.02779009087942,2.71786876752445
"471",0.0230546203830545,1.23361,1.023322432284,3.43360249466842,7.60729672997044,17.6335969659698
"472",0.785888620383054,0.196303,2.19435602409805,1.21689556883633,1.38111300785453,1.57880631823018
"473",0.729224620383054,0.0262923,2.07347225608951,1.02664099178187,1.04419576371173,1.06307434547002
"474",0.952668620383055,0.35847,2.59261915212351,1.43113809734121,1.80332228878546,2.30233982815275
"475",0.600325620383054,0.265541,1.82271221602113,1.30413632271541,1.54770947043274,1.85473298225194
"476",0.789678620383055,0.15351,2.20268841333304,1.16591944625828,1.28724140162249,1.42920402317064
"477",1.11268862038305,0.345012,3.0425276093022,1.41200686364836,1.76384174447176,2.23137487801742
"478",1.14205862038305,0.0434273,3.1332118243184,1.04438406483051,1.07404463188559,1.1063065194137
"479",0.912308620383055,0.673974,2.49006451650284,1.96201891152824,3.03007865633554,4.79655514463635
"480",1.14532862038305,0.549801,3.14347419681842,1.73290813483384,2.47030634422555,3.59314688255759
"481",0.981068620383055,0.304488,2.66730505605862,1.35593058878989,1.65010379362812,2.0306278104473
"482",0.891528620383055,0.368499,2.43885488662016,1.44556319506481,1.8333170407698,2.3566871084721
"483",0.701300620383055,0.503624,2.01637353927242,1.65470707631377,2.2896243459036,3.22716686811525
"484",0.970338620383054,0.00857158,2.63883787237285,1.00860842117899,1.01419885402861,1.020140616298
"485",1.06959862038305,0.412523,2.91420956088061,1.5106242862667,1.97099788034895,2.61083998800835
"486",1.17741862038305,0.364619,3.24598426112762,1.43996527685206,1.821654009124,2.33551082395792
"487",0.784026620383054,0.470085,2.19027393478573,1.60013019850393,2.16673411386578,2.98494475868007
"488",0.797348620383054,0.365957,2.21964799029828,1.44189323991215,1.82566754595323,2.34279178547087
"489",1.08938862038305,0.934574,2.9724562177762,2.54612857590225,4.6517218135921,8.79465576906749
"490",1.07066862038305,0.284946,2.91732943394517,1.32969022291071,1.59790670228114,1.9403794006823
"491",1.24692862038305,1.19596,3.47963923525759,3.30673070872802,7.15047754287485,16.1548288251346
"492",0.532933620383054,0.558333,1.70392364883757,1.74775656034931,2.505218760079,3.66517758168189
"493",1.03972862038305,0.650664,2.82844932669405,1.91681317049499,2.91609980524984,4.54337811298618
"494",1.00404862038305,0.690202,2.72930942789548,1.99411830445932,3.11204872407233,4.98109604091976
"495",1.03877862038305,0.425016,2.82576357576737,1.52961489330588,2.01191923365344,2.68783239598661
"496",1.13635862038305,0.472415,3.11540331937537,1.60386284871525,2.17505407472969,3.00116825415127
"497",0.691998620383054,0.29786,1.99770419833179,1.34697319843082,1.63221192044206,1.99955764333079
"498",-0.540383379616945,1.24425,0.582524881392895,3.47033107475609,7.74160573459057,18.0755164865951
"499",0.405035620383055,1.27218,1.49935590673731,3.56862368839121,8.10555709157913,19.2889663051396
"500",0.877608620383054,0.133015,2.40514121811082,1.14226713220937,1.24457014493805,1.36266066853768
