"","M_lnAUC_dose","SD_lnAUC_dose","GM_AUC_dose","GSD_AUC_dose","TKVF05","TKVF01"
"1",-0.518745379616945,0.870943487058718,0.595266913672732,2.38916393573471,4.18947133757972,7.5845822048908
"2",0.705879620383054,0.671579840227504,2.02562768490569,1.95732714343969,3.01816954284369,4.76991427748655
"3",0.272029620383055,0.53245282031087,1.3126258812167,1.70310459913957,2.40081185403894,3.45102223293681
"4",0.505191620383055,0.428193458506783,1.65730306308385,1.53448291102716,2.02246196382971,2.70777412654378
"5",0.173324620383055,0.691533704365883,1.18925209790164,1.99677564951774,3.11887300987951,4.99655144252727
"6",0.192094620383054,0.516179651536168,1.21178517111758,1.67561397698425,2.33740180323676,3.32281872067978
"7",0.662900620383054,0.743284211279911,1.94041257964259,2.10283032536354,3.39598459010909,5.63579175749499
"8",1.16229362038305,0.515311126780705,3.19725816914968,1.67415929656906,2.33406498420109,3.31611177423886
"9",0.442797620383055,0.706625569903892,1.55705718581621,2.02713926461763,3.1972645993859,5.17509083828321
"10",0.528668620383054,0.489452375870217,1.69667188984392,1.63142256892066,2.23686988456796,3.12250790315843
"11",0.392083620383055,0.290468284154811,1.48006146953489,1.33705346239767,1.6124871661936,1.96546778461845
"12",0.124969620383055,0.622907773809253,1.13311402897378,1.86434125049876,2.78595886682122,4.25928018490552
"13",0.425342620383055,0.649739290903667,1.53011457830747,1.91504149518864,2.91166775649748,4.53361492554828
"14",-1.90138837961695,1.18517901363845,0.149361105287764,3.27127237142323,7.02479476024801,15.7546991379309
"15",0.579191620383054,0.721203411777842,1.78459521709842,2.05690702797828,3.27485648788048,5.35360423967822
"16",0.361346620383055,0.469022534687834,1.43526086533924,1.59843101849282,2.16295083628758,2.97757608860557
"17",-0.448866379616946,1.20081289914832,0.638351389752552,3.32281694022765,7.20778327418243,16.338242655981
"18",0.428422620383055,0.479088696732661,1.53483459630504,1.61460233915971,2.19906172433239,3.04812598649181
"19",0.388514620383055,0.605769737065991,1.47478854528056,1.83266233423138,2.70852051153359,4.0928073980675
"20",0.646747620383054,0.43795641574248,1.90932088336128,1.54953737051195,2.0552021211055,2.76997688856213
"21",0.571034620383055,0.85864823529662,1.77009748330561,2.35996841458285,4.10559494462981,7.37071338072955
"22",0.692926620383054,0.693315954592854,1.99955892828943,2.00033757655209,3.1280295279974,5.01731082032118
"23",0.107659620383055,0.579066252171546,1.11366861077014,1.7843714996116,2.59212816885841,3.8462919128683
"24",0.605189620383054,0.455495064618707,1.83159948455532,1.57695388389212,2.11535513111729,2.8853320112041
"25",0.267065620383055,0.450547494323295,1.30612615201702,1.5691710626026,2.09821016755841,2.85231289017915
"26",0.509765620383055,0.484676833226017,1.66490093037033,1.62365021424889,2.21936794753867,3.08801015462573
"27",0.345976620383055,0.418111895764758,1.41336957139221,1.51909064470201,1.98920063726374,2.64500702119691
"28",0.0626276203830545,0.441007649096929,1.06463031877753,1.55427259107854,2.06554276305871,2.78970877011158
"29",0.714151620383054,0.743569258058723,2.04245317138572,2.10342981581152,3.39757720554606,5.63953019164712
"30",0.589562620383055,0.769999653560961,1.80319956016293,2.1597655055577,3.548541673574,5.99716619648834
"31",-0.567776379616945,0.930924949411605,0.566784351745797,2.53685455490086,4.62388508619246,8.72031426604266
"32",0.173520620383055,0.510327227614792,1.18948521415748,1.66583621337922,2.31500903716667,3.27788586433869
"33",0.484142620383055,0.445315449981246,1.62278307109209,1.56098253008501,2.08023055857523,2.81780623214748
"34",0.415735620383054,0.609965234261757,1.51548515251818,1.84036741593758,2.7272765973463,4.13294953817206
"35",0.405539620383054,0.645402918866966,1.5001117725765,1.9067551421394,2.89097360213698,4.48811013680641
"36",0.408751620383055,0.501661154840596,1.50493787816637,1.65146232804977,2.28224400128987,3.21246437624196
"37",-0.357921379616946,0.954602116738173,0.699128038560065,2.59763682106348,4.80751709324826,9.21411552875876
"38",-0.0878083796169454,0.578136433935797,0.915936371987008,1.78271312956275,2.5881667595122,3.83798106491518
"39",0.541377620383054,0.895066386197136,1.71837249731512,2.44749826417147,4.35904585013177,8.02238520408703
"40",0.405438620383055,0.542766824038647,1.49996026893853,1.72076132557035,2.44188914406885,3.53482731188085
"41",0.293854620383055,0.353087882799736,1.3415888498158,1.42345623525607,1.78742830315008,2.27369269005895
"42",0.399901620383055,0.529151091300963,1.49167793971808,1.69749068219387,2.38780871979009,3.42461657415088
"43",0.635031620383054,0.510932666449308,1.88708181076506,1.66684508068765,2.31731560636228,3.2825058926756
"44",0.299859620383054,0.427463134851416,1.3496693282135,1.53336265098447,2.02003388848154,2.70317755967968
"45",0.555184620383055,0.524148512516252,1.74226261227453,1.68902005647149,2.36824122825523,3.38499279472921
"46",0.332458620383055,0.56573517253305,1.39439219857606,1.76074175599353,2.53590747283701,3.7288385925936
"47",0.621634620383055,0.388711898377191,1.86196916838073,1.47507951730679,1.89529438714331,2.47015054556542
"48",0.226411620383055,0.689657064595151,1.25409176878579,1.99303193482129,3.10926052327545,4.97478545987842
"49",0.478283620383054,0.459697650518251,1.61330298411263,1.583595113443,2.13002847410419,2.9136793150798
"50",0.412572620383055,0.397212295441619,1.51069924588218,1.48767172245478,1.92198034626427,2.51948364825865
"51",0.558616620383054,0.886163606340274,1.74825233003631,2.42580543245815,4.29567809024724,7.85794264094103
"52",0.569952620383054,0.382631252591839,1.76818327360288,1.46613729604947,1.87643256734091,2.43545452170999
"53",0.621629620383054,0.399404175521489,1.86195985855817,1.49093609672015,1.92892221040453,2.53236349551354
"54",0.898092620383054,0.863591493883537,2.45491618561104,2.37166323014747,4.13911336111425,7.45596390150871
"55",-0.204630379616946,1.11601499226668,0.814948482319661,3.05266503867962,6.2694040843655,13.4131974238769
"56",0.514472620383055,0.626986271085739,1.67275609166856,1.87196048816978,2.80471138895879,4.29988457275169
"57",0.416542620383054,0.715606806926821,1.51670864264813,2.04542748532294,3.24484781854835,5.28435397266058
"58",0.573742620383055,1.06075418041411,1.77489740344902,2.88854865480904,5.72467260530094,11.7950886943298
"59",-0.0506263796169455,0.871156335511026,0.950633780347321,2.38967251970448,4.19093834734035,7.58833871311944
"60",0.337877620383055,0.553264756618384,1.40196892048695,1.73892091424558,2.48442076938551,3.62221707615092
"61",0.175414620383055,0.443739049673341,1.19174023398276,1.55852373527558,2.07484361644777,2.80749154159364
"62",0.626013620383054,0.371447308403224,1.87014060968209,1.44983145015456,1.84222937020104,2.37290669255192
"63",0.334694620383055,0.429199481063293,1.39751354790014,1.53602741221948,2.02581142319851,2.71411870996621
"64",0.610696620383055,0.442327389095453,1.84171392747359,1.55632518093014,2.07003147040027,2.79828682371523
"65",0.514351620383055,0.526225674958948,1.67255370042638,1.69253207174812,2.376346466375,3.4013893489757
"66",0.0880316203830545,0.790233745992285,1.09202265165682,2.20391152153837,3.66863200991003,6.28621156900518
"67",0.360280620383054,0.514409606877632,1.43373169245075,1.67265068876444,2.33060643818495,3.30916435022038
"68",0.488872620383055,0.467788835185279,1.63047701685544,1.59646025085792,2.15856610764022,2.96904265430147
"69",0.576254620383054,0.5292872388883,1.77936155034754,1.69772180718798,2.38834351236607,3.42570141327683
"70",-0.508167379616945,1.0872866409595,0.601597068247648,2.96621473799813,5.98004070573291,12.5460636835898
"71",0.518177620383054,0.414360621036797,1.67896514816269,1.51340279337351,1.9769644660965,2.62202507822238
"72",0.711779620383054,0.722959196062959,2.03761421373578,2.06052168536467,3.28432797038216,5.37551610414158
"73",0.187775620383055,0.742968467513932,1.20656275688519,2.10216647460628,3.39422133568866,5.63165362026294
"74",0.520993620383055,0.623407666807202,1.68369977724893,1.86527345461741,2.78825056580478,4.26423628960054
"75",-0.734034579616946,1.14486688876917,0.479968606849001,3.14202309044094,6.57410504761748,14.3443860946843
"76",-0.399133379616946,0.775822810616574,0.670901210838963,2.17237884839573,3.58269375828259,6.07896071363912
"77",0.647665620383054,0.51210029345139,1.91107444469371,1.66879247070348,2.32177046253766,3.29143430574053
"78",0.750496620383054,0.484489295826028,2.11805162307484,1.62334574765955,2.2186834411986,3.08666321994363
"79",-0.299659379616946,1.03004997279938,0.741070601448397,2.80120581529766,5.44273359479303,10.9819670048609
"80",0.0502546203830545,0.362272897629674,1.05153880550593,1.43659093073132,1.81463780188508,2.3227986776481
"81",-0.702433979616945,0.894343688706976,0.495378095040637,2.4457301023188,4.35386719326304,8.00890893453379
"82",0.188568620383054,0.558357821233839,1.20751994062459,1.74779994236198,2.5053210434761,3.66538922549842
"83",0.312724620383054,0.382379310277112,1.36714499531974,1.46576796055296,1.87565511934321,2.43402750672864
"84",0.493890620383055,0.287092643466112,1.63867931287536,1.33254765959129,1.60355874646154,1.9500935792441
"85",0.425015620383054,0.520323109885579,1.52961431263826,1.68257121727162,2.35338649960494,3.35500265069593
"86",0.289613620383055,0.419353998211535,1.33591121942883,1.52097868323457,1.99326888121857,2.65266098697733
"87",0.110320620383055,0.976622687840601,1.11663602934281,2.65547272008316,4.98484031727445,9.69843093937875
"88",0.778218620383055,0.638752550249312,2.17758969446268,1.89411658967773,2.85952191709019,4.41920863104992
"89",0.428363620383055,0.841422250286383,1.53474404373519,2.31966377425703,3.99089868621746,7.08118214304465
"90",0.140853620383054,0.46181433616552,1.15125611522101,1.58695063653166,2.13745738720609,2.92806208316273
"91",0.273675620383054,0.309763649838066,1.31478824255235,1.36310290646408,1.66448516088374,2.05570325973928
"92",0.688214620383055,0.660458149082892,1.99015916984209,1.93567896082366,2.96345845120006,4.64808548430298
"93",0.145546620383054,0.537104746913486,1.15667165780097,1.71104577329013,2.41925270045203,3.48857200939136
"94",0.332001620383055,0.563185573986053,1.39375510692784,1.75625828931959,2.52529486472375,3.70678736725649
"95",0.412647620383054,0.480339904618594,1.51081255257457,1.61662380671347,2.20359217208848,3.05701122843588
"96",0.0673936203830545,0.678965242988181,1.06971645751791,1.97183630477938,3.05505758692474,4.85257430938668
"97",0.873022620383055,0.433609626720856,2.39413649360491,1.54281647621835,2.04056017794449,2.74210763149556
"98",0.316292620383055,0.584181250706491,1.37203168132666,1.79352193951086,2.61402884256353,3.89233334972043
"99",0.284513620383055,0.596989279505085,1.32911541623777,1.81664115993384,2.66968364839465,4.01005413489764
"100",0.233526620383054,0.549523226369914,1.26304645022371,1.73242684549846,2.46917792656433,3.59082574792844
"101",0.271830620383054,0.611945014511925,1.31236469465526,1.84401454806954,2.73617231009965,4.15202839012831
"102",0.380161620383054,0.852368106508567,1.46252094352901,2.34519395033139,4.06340288463714,7.26381180075087
"103",-0.295485379616945,1.01543608425641,0.744170294698347,2.7605669747231,5.31346266905267,10.6148883379954
"104",0.292344620383054,0.521424577695567,1.3395645793614,1.68442553635437,2.35765412018461,3.36361052410909
"105",-1.56316837961695,1.0977331556116,0.209471333982002,2.99736375980321,6.08368356743766,12.8546960098827
"106",0.857699620383054,0.415560642414558,2.35773077484624,1.51521999920357,1.98087057000192,2.62935512634779
"107",0.488122620383055,0.273687098513321,1.62925461754983,1.31480333394968,1.56858700395662,1.8902165510418
"108",0.247429620383055,0.734094735172512,1.28072922197968,2.0835949332819,3.34503911697413,5.51658895590666
"109",0.959472620383055,0.908632724099787,2.61031948106815,2.48092810014875,4.45740978578069,8.27960950450587
"110",0.409938620383055,0.547272902307432,1.50672530005277,1.7285327068618,2.46005527275792,3.5720767623504
"111",0.512068620383055,0.524286534487583,1.66873961576256,1.68925319443801,2.36877894148168,3.38607984682534
"112",0.312808620383054,0.515307501620149,1.36725984032276,1.67415322748381,2.33405106654338,3.31608380831097
"113",0.463631620383055,0.521342974316332,1.58983719893517,1.68428808714677,2.35733768384942,3.36297204413212
"114",0.682308620383054,0.481489195500792,1.97843993076272,1.61848284579817,2.20776181633053,3.06519554385468
"115",0.230389620383055,0.283143113108901,1.25909048169015,1.32729510155381,1.59317515299412,1.93225821637991
"116",0.744910620383054,0.562616658794423,2.10625317046578,1.7552594114637,2.52293284403906,3.70188469906319
"117",0.737090620383055,0.774863465295661,2.0898465043461,2.17029578625999,3.57704478792198,6.06540899351825
"118",0.564303620383054,0.607415240997458,1.75822296566716,1.83568046980337,2.71586135859338,4.10850475010803
"119",0.415921620383054,0.701908614183499,1.51576705897303,2.01759985464197,3.1725539622151,5.11861355517723
"120",0.640880620383054,0.365591404194628,1.89815169459236,1.44136618614204,1.82457000791431,2.34080008106672
"121",-0.563448379616945,1.04213295149179,0.569242710471023,2.83525803731711,5.55198857300982,11.2950409585779
"122",-0.841481379616945,0.906248038883947,0.431071469716689,2.47501891615894,4.43996002788906,8.23380465283809
"123",-0.528898379616946,1.04446581606341,0.589253746197628,2.84188003144828,5.57333370557783,11.3565063991409
"124",-0.621623379616945,0.985973684162006,0.537071858015216,2.68042049721813,5.06210492799341,9.91171889653053
"125",-0.0379883796169455,0.834880465763812,0.962724128049344,2.30453856056563,3.94818572070161,6.97423327272494
"126",0.347192620383055,0.513379206066042,1.4150892741584,1.67092807578055,2.32665973552076,3.30124154874251
"127",0.322510620383055,0.693461261145134,1.38058955317161,2.00062825982732,3.12877724145986,5.01900712659291
"128",0.578030620383055,0.405029267140043,1.78252450433272,1.49934638099513,1.94685229194425,2.56571957293031
"129",0.419834620383055,0.615898185607004,1.52170987501155,1.85131868081094,2.75402193327946,4.19038843426538
"130",0.441724620383055,0.602538456243251,1.55538735947787,1.82675004485413,2.69416295728697,4.06215677002988
"131",0.413621620383055,0.595331084336271,1.51228480086931,1.81363131048753,2.66241203850203,3.99461499314877
"132",0.654754620383054,0.45591586741854,1.92467018459567,1.57761761014081,2.11681980006733,2.88815794291626
"133",-0.793514679616945,0.783207887670317,0.452252476116135,2.18848141976093,3.62647946997086,6.18430112563944
"134",0.723942620383054,0.524746147332212,2.0625490492182,1.69002977535362,2.37057040562603,3.38970224518969
"135",0.422967620383055,0.465794789228046,1.52648486817093,1.59328000757822,2.15149779510161,2.95530162279221
"136",0.534018620383054,0.470311011919772,1.70577340931015,1.60049188787349,2.16753976115569,2.98651460260908
"137",0.547081620383055,0.52051374408463,1.72820210141971,1.68289200346341,2.35412455578353,3.35649086215482
"138",-0.0141243796169455,0.505165201870636,0.985974901455326,1.65725928018063,2.29543602484614,3.23875822810983
"139",-0.819887479616946,1.09339681708152,0.440481214832695,2.98439431611503,6.04044521470296,12.7256718781917
"140",0.263625620383054,0.420494605344706,1.30164079728737,1.52271451213129,1.99701202653155,2.65970903424743
"141",0.623142620383055,0.735639188964264,1.86477913606978,2.08681543569549,3.35354765873084,5.53644536139331
"142",0.135402620383055,0.53168330141636,1.14499769096882,1.70179453209652,2.39777495854537,3.44484984759843
"143",0.0547106203830545,0.584829360665998,1.05623491759052,1.79468471570516,2.6168170034908,3.89820636081354
"144",0.0797726203830545,0.557232604997231,1.08304077827812,1.74583439552848,2.5006884435514,3.65580708670637
"145",0.473407620383055,0.711510790840167,1.60545566607122,2.03706651646002,3.22305963280468,5.23423978298902
"146",0.315837620383055,0.307726204313185,1.37140754891255,1.36032848587253,1.65891630898562,2.04598267794414
"147",0.735166620383054,0.672659276336839,2.08582950526402,1.959441093768,3.02353310646034,4.78190727038229
"148",0.224148620383054,0.523163920683566,1.25125696790002,1.68735787953584,2.36440894326164,3.37724833092777
"149",0.269536620383054,0.462520352179231,1.30935758052436,1.58807144470172,2.13994104335658,2.93287519763187
"150",0.284293620383055,0.531041711086803,1.32882304300844,1.70070302736872,2.39524586818485,3.43971202979999
"151",-0.148771379616946,1.02807082125114,0.861766109677687,2.79566728707263,5.42504404939616,10.9315201101111
"152",0.348038620383055,0.494526608150664,1.4162869462282,1.63972182435052,2.2556177563555,3.15958573829226
"153",0.567152620383054,0.672107104864991,1.76323928525055,1.95835944495055,3.02078825565989,4.77576864871354
"154",0.343335620383054,0.696760205156695,1.40964178706012,2.00723911887586,3.14580100899361,5.05767363668005
"155",0.732285620383055,0.602016174430555,2.07982887851271,1.82579621563487,2.69184945737507,4.05722420940499
"156",-0.329385379616945,1.27556225256512,0.719365734429852,3.580714109919,8.15077648978064,19.4413362626697
"157",0.308299620383055,0.600322445128449,1.36110874377146,1.82270642845496,2.68436057157529,4.04126937341931
"158",0.294297620383055,0.621257022373188,1.34218330533845,1.86126622525164,2.77840456789307,4.24295496932502
"159",0.248844620383055,0.616214829928654,1.28254273658778,1.85190498317854,2.75545669393314,4.1934763156596
"160",0.739358620383055,0.369500186301712,2.09459165518499,1.4470111978733,1.8363386436041,2.36218248356078
"161",0.296285620383054,0.527931139547574,1.34485421975874,1.69542108811891,2.38302204654288,3.4149111807742
"162",0.767706620383054,0.730786696137799,2.15481876528424,2.07671370786638,3.32688738506464,5.47429815674994
"163",-1.21300737961695,1.37006928032855,0.297301834156725,3.93562334730422,9.52160497993867,24.2219139268432
"164",0.219599620383054,0.634506314340527,1.24557792672542,1.88609077560829,2.83961935274507,4.37576961102986
"165",0.0647336203830545,0.425608042101555,1.06687479283048,1.5305207578504,2.01387944036051,2.69153688698778
"166",0.149537620383054,0.797180681329521,1.16129715843416,2.21927525601481,3.71079275735494,6.38862830912429
"167",0.387058620383054,0.499176395620827,1.47264281562888,1.64736393567181,2.27293535669711,3.19394856721192
"168",0.414477620383055,0.502332269688102,1.51357987086973,1.65257102092674,2.28476472882787,3.21748374253764
"169",0.584576620383054,0.364411449118987,1.79423118389761,1.43966644180303,1.82103221931184,2.33438342849804
"170",0.436455620383055,0.485493092207294,1.54721357622305,1.62497607436772,2.2223497311231,3.09387955529776
"171",0.822964620383055,0.591258735681766,2.27724099517984,1.80626058971925,2.64463768770231,3.95694990611394
"172",0.731810620383055,0.67860988174429,2.07884119438896,1.97113571506596,3.05327237491823,4.84856437365383
"173",0.380889620383055,0.639594339113473,1.46358604642631,1.89571170721224,2.86348400916293,4.42787121880099
"174",0.475056620383055,0.473254499064721,1.60810524644319,1.60520985540301,2.17805957945372,3.00703516338126
"175",-0.628173379616946,0.56420855021171,0.533565533095163,1.75805581905401,2.52954761935547,3.71561927944178
"176",-0.194411379616945,1.42496140840515,0.823319137880996,4.15769738748684,10.4213120080644,27.521181458091
"177",0.708082620383055,0.389186993063746,2.03009506170432,1.47578048624783,1.89677606506569,2.47288215293005
"178",0.167129620383055,0.661268833562417,1.18190745467693,1.93724882195959,2.96741273237084,4.65685973852143
"179",0.156545620383055,0.554240248607948,1.16946411250289,1.74061804530221,2.48841032555396,3.6304464295316
"180",0.248548620383054,0.698113759544961,1.28216316011784,2.00995786576432,3.15281261915013,5.07362453372677
"181",0.601636620383055,0.581391266016269,1.82510335878794,1.78852501467129,2.60206024348796,3.86715206525394
"182",0.421583620383055,0.386807235035747,1.52437367439647,1.47227266133085,1.8893659252177,2.45922974441742
"183",0.134361620383055,0.72932827609246,1.14380636856342,2.07368719446675,3.31891612140377,5.45575647155226
"184",0.529404620383055,0.679410087686369,1.6979211000078,1.97271366083439,3.05729380407513,4.857598660818
"185",0.565745620383055,0.507814735534525,1.76076015205539,1.66165606657792,2.30546158354012,3.25878273154399
"186",0.309779620383055,0.520481162050078,1.36312467613421,1.68283717231127,2.3539983953256,3.3562364593658
"187",0.453626620383055,0.847236185419981,1.57401018442341,2.33318942951416,4.0292470105067,7.1776074174684
"188",0.449812620383054,0.743982899247019,1.56801834328448,2.10430006099225,3.39988963301167,5.6449595728248
"189",0.199939620383055,0.33212027730929,1.22132901255588,1.39392049543681,1.72683325506419,2.16544807057224
"190",0.391875620383054,0.427846232009819,1.4797536487637,1.53395019039402,2.02130719124851,2.7055877520207
"191",0.364670620383055,0.52763303330345,1.44003961032978,1.69491574783241,2.38185383923686,3.41254376487011
"192",0.487557620383055,0.694254910309607,1.62833434869135,2.00221668701773,3.13286432925477,5.02828229952003
"193",0.785362620383055,0.634374748780246,2.19320209633898,1.88584264734158,2.83900490831382,4.37443053614219
"194",0.369524620383054,0.659885518953856,1.44704655469457,1.93457085002964,2.96066850530697,4.64189772058183
"195",0.300842620383055,0.362608607137834,1.35099670546216,1.43707328892769,1.81564010888861,2.32461343877586
"196",-0.993199379616945,0.998606193427619,0.370389775839221,2.7144957085533,5.16838892045953,10.2073229103199
"197",0.248502620383054,0.434756690415455,1.28210418196898,1.54458720035818,2.04441384300492,2.74943463280934
"198",0.204703620383054,0.609381954081346,1.22716130546275,1.83929427909934,2.72466127427195,4.12734528993428
"199",0.505955620383055,0.53766080008961,1.65856972642783,1.71199747029941,2.42146642428496,3.49308765241185
"200",0.153835620383055,0.353613865855116,1.16629915521211,1.42420514605582,1.78897539294928,2.27647652774579
"201",0.572921620383054,0.636374722309113,1.77344081069393,1.88961805681694,2.8483596582955,4.39483058128944
"202",0.232164620383055,0.796034148878677,1.2613273519302,2.21673224301847,3.70380124934585,6.37161105135529
"203",0.281899620383054,0.290342398442339,1.32564564550582,1.33688515706378,1.61215331340876,1.96489227386971
"204",0.773867620383054,0.421779973949689,2.16813558403411,1.52467301999214,2.00123866214607,2.667674037424
"205",0.456036620383054,0.415214954308007,1.5778081236464,1.5146962961952,1.97974455460539,2.62724147317105
"206",0.194661620383055,0.297398243089968,1.21489981959282,1.34635136782716,1.63097268938916,1.99741085735448
"207",0.288649620383055,0.415486002404413,1.33462402154236,1.5151069073881,1.98062738970358,2.62889860836444
"208",0.657343620383054,0.649204341120729,1.92965961173004,1.91401731812254,2.90910686585821,4.52797644487735
"209",0.469835620383054,0.751294878420584,1.59973120840003,2.11974304981454,3.44102745538337,5.74180283167591
"210",0.161111620383054,0.382891556267568,1.1748160949181,1.46651898665233,1.87723615544108,2.43692977463638
"211",0.599547620383055,0.653414466604467,1.82129469740331,1.92209255816894,2.92932246389421,4.57254231397337
"212",0.667513620383055,0.425451112332545,1.94938438042116,1.53028059242645,2.0133596717956,2.69055445825078
"213",0.248315620383055,0.790037710372106,1.28186445090251,2.20347951872178,3.66744925058269,6.28334541437487
"214",-0.737005479616946,1.32929229994798,0.478544784179548,3.77836848959108,8.90391672016322,22.0298051487854
"215",0.914869620383055,0.676055241607518,2.49644974452417,1.96610659917895,3.04046941454708,4.8198348984769
"216",0.216035620383054,0.363408149143976,1.24114658833019,1.43822274884761,1.81802948170497,2.32894127330059
"217",0.758831620383055,0.46102783333981,2.13577936106926,1.58570298607638,2.13469398487141,2.92270956712842
"218",-0.0105093796169455,0.845192577282243,0.989545650965214,2.32842617338136,4.01572569177271,7.14356502752339
"219",0.750958620383055,0.330562008586891,2.11903038900222,1.39175008420841,1.72241283483609,2.15761236971031
"220",0.754053620383055,0.542916601559577,2.12559894765734,1.72101907623795,2.44249080711321,3.53605918268357
"221",0.397610620383055,0.731081206198737,1.48826441724122,2.07732541101898,3.32849940604064,5.47805006340102
"222",0.277170620383055,0.653957696798501,1.31939146690892,1.92313698053746,2.93194108330521,4.57832448241957
"223",-0.0185183796169455,0.422992820423704,0.981652032037662,1.52652333613635,2.00523502802414,2.67521151574147
"224",0.432322620383054,0.483252636492549,1.54083213883669,1.62133946279039,2.214174951839,3.07779596033309
"225",0.404587620383055,0.370523945444825,1.49868434573199,1.44849334736991,1.83943352162455,2.36781500899048
"226",-0.952421379616946,0.845651717823005,0.385805709455383,2.3294954936991,4.01875958953308,7.15119929306836
"227",0.585113620383054,0.420705095289991,1.79519494479001,1.5230350619607,1.99770356202644,2.66101174043897
"228",0.383092620383055,0.802509818004739,1.46681388064053,2.23113364660159,3.7434632469491,6.46832384338628
"229",0.446068620383055,0.619674865455264,1.56215865878147,1.85832373836905,2.77118340219333,4.22736685300116
"230",0.603946620383054,0.412192715185506,1.82932422076542,1.51012543239101,1.96992738679541,2.60883470033338
"231",0.0586496203830545,0.478264692275104,1.06040363182354,1.61327244762859,2.19608320820139,3.04228856644677
"232",0.357808620383055,0.369173657199427,1.43019188471196,1.44653878373854,1.83535262456302,2.36038880317857
"233",0.674641620383054,0.714110140173069,1.96332923269541,2.04236845175639,3.23686948407993,5.26598707382111
"234",0.609613620383055,0.388250449731871,1.83972043096334,1.47439900088556,1.89385637517399,2.46750028623899
"235",0.530479620383055,0.622445921291159,1.69974734662199,1.86348039860624,2.78384323387925,4.25470634567387
"236",0.556714620383054,0.644020290674137,1.74493031434299,1.90412063041784,2.88440635977796,4.47369743800012
"237",0.559948620383055,0.462369233042165,1.75058255372437,1.58783147484787,2.13940918675369,2.93184430990574
"238",0.717074620383054,0.546866780649547,2.04843199580067,1.72783085482148,2.45841247832073,3.56870352848777
"239",-1.20566137961695,1.34402908176163,0.299493854865045,3.83446178379516,9.12238342007911,22.7981455472427
"240",0.504560620383054,0.582843780665969,1.65625763471838,1.79112476108425,2.60828445053756,3.88024148480478
"241",0.309929620383054,0.369402711373374,1.36332916017155,1.44687015743455,1.83604424337765,2.36164689438921
"242",0.315642620383055,0.444753484511465,1.3711401505127,1.5601055582412,2.0783085839269,2.81412484439719
"243",-0.806313179616945,0.478082866876654,0.446501205126843,1.61297914038915,2.19542651026126,3.04100198357995
"244",0.514098620383054,0.651802725838117,1.6721305978649,1.91899713841343,2.92156688745448,4.55542980655304
"245",0.247062620383054,0.592738122877211,1.28025928059473,1.80893472606114,2.6510809202002,3.97059148401522
"246",0.666664620383055,0.573076550908341,1.9477300554425,1.77371559209576,2.56671544173007,3.79306885556659
"247",0.798828620383055,0.677497898952462,2.22293550148212,1.96894506427916,3.04769289448008,4.83603803114339
"248",0.416232620383055,0.686200083259249,1.51623853583922,1.9861539559927,3.09163072915048,4.9349379771684
"249",0.155960620383054,0.400008723711121,1.16878017606798,1.49183771194574,1.93084127168549,2.53592749027448
"250",0.307590620383055,0.765580237130635,1.36014405969304,2.15024166281138,3.52283981426777,5.93582460086392
"251",0.245751620383055,0.477807264057381,1.2785819604015,1.61253466004346,2.19443149124248,3.03905287604076
"252",0.157268620383054,0.671770207111033,1.17030994078631,1.95769978917662,3.01911475714794,4.7720271476085
"253",0.292353620383055,0.706499653368634,1.33957663549687,2.02688403033439,3.19660246883403,5.17357514336641
"254",0.193336620383055,0.304509650336997,1.21329114331525,1.35595994546188,1.65016255756901,2.03073008806073
"255",0.315583620383055,0.56245704015329,1.37105925563024,1.75497926170076,2.52227053673287,3.70051033900616
"256",0.474050620383055,0.460232337729543,1.60648830602267,1.5844420679057,2.13190262024834,2.91730580384433
"257",0.673631620383055,0.632261155328239,1.96134727122941,1.88186095199553,2.82915209736009,4.35297445652423
"258",1.12343462038305,0.450641645223785,3.07539891218077,1.56931880842626,2.09853513088429,2.852937694268
"259",-0.684453379616946,1.16180988715925,0.504365850892462,3.19571192316363,6.75989398150101,14.9210648225494
"260",0.484697620383055,0.70794704833695,1.62368396567167,2.02981985621853,3.20422185565405,5.19102467800549
"261",0.212965620383054,0.585669945020231,1.23734211116454,1.79619393382167,2.62043761712718,3.90583672883514
"262",0.885198620383054,0.760148505830275,2.42346569337012,2.13859379056222,3.49150552890886,5.86129084761515
"263",0.297301620383054,0.563930506503239,1.34622128599807,1.75756707064424,2.52839101750689,3.71321669594727
"264",-0.0766543796169455,0.993061712638746,0.926209915319105,2.69948688575974,5.12146822081226,10.0765103169618
"265",0.511497620383054,0.553075141955413,1.66778703742896,1.73859122060086,2.48364602827366,3.6206196335283
"266",-0.0150053796169455,1.31648760529068,0.985106640092434,3.73029606794794,8.71834487854659,21.3832550571241
"267",0.147849620383054,0.649931903172171,1.15933854236775,1.91541039120111,2.91259037427448,4.53564681715997
"268",0.478188620383054,0.922288589136828,1.61314972760894,2.51503970105994,4.558664605369,8.54686115004196
"269",0.440412620383055,0.315613212968025,1.55334802935533,1.3710998294181,1.68057759027658,2.08386871862945
"270",0.0121946203830545,0.666748336120909,1.01226927793104,1.94789311792659,2.99427885299208,4.71660176028033
"271",0.679306620383054,0.594332572172349,1.97250956003075,1.81182128138157,2.65804286501331,3.98534672404708
"272",0.0297136203830545,0.869118557305619,1.03015947503025,2.38480785536264,4.17691447980767,7.55245071102536
"273",0.195289620383055,0.740868600000027,1.21566301629821,2.09775683496728,3.38251800422171,5.60420995263106
"274",-0.0243183796169455,0.687559148196721,0.97597492976324,1.98885510329624,3.09854968557405,4.95056525348709
"275",0.497458620383055,0.334885050166471,1.64453656378546,1.39777970144337,1.73470416604824,2.17942073696365
"276",0.192433620383055,0.448719924355939,1.21219603592824,1.56630591162435,2.09191224005507,2.84021184319412
"277",0.591507620383054,0.73365572248569,1.80671019629435,2.08268040943046,3.34262449730858,5.51095776044868
"278",-0.277147379616945,0.898834253745372,0.757942783561453,2.45673750864946,4.38614532069975,8.09301347325435
"279",0.382193620383055,0.57385330619593,1.46549580752447,1.77509387028374,2.56999689833914,3.79992913882261
"280",0.636763620383055,0.646172138179912,1.89035306855278,1.9082224192764,2.89463373067754,4.49614867316422
"281",0.341666620383055,0.519537390251173,1.4072910571473,1.68124970726609,2.35034696206919,3.34887578616375
"282",0.218282620383055,0.680921084359267,1.24393858034246,1.97569667770923,3.06490175572097,4.87470367013406
"283",0.173166620383055,0.666586096375404,1.18906421091364,1.94757711787744,2.99347990444821,4.71482192763259
"284",0.205783620383054,0.987735913357918,1.22848735561083,2.68514817687975,5.0767992776232,9.952435968425
"285",0.391902620383054,0.376366433313334,1.47979360265159,1.45698092231299,1.85719575766714,2.40021724497956
"286",0.0351116203830545,0.541997593031556,1.03573531151991,1.7194381715737,2.43880144290522,3.52850739865641
"287",0.285546620383054,0.259659278659477,1.33048910184921,1.29648827018051,1.53280824348216,1.82952763555143
"288",0.466390620383054,0.684182983570916,1.59422961632053,1.98215172327526,3.08139020997501,4.911835148385
"289",0.229111620383055,0.689496894088001,1.25748239184284,1.99271273544936,3.1084414745994,4.97293213883929
"290",0.379833620383054,0.527759867062663,1.46204131532286,1.69513073400172,2.38235080049316,3.41355081670594
"291",0.436566620383054,0.651867325774962,1.54738532646197,1.91912110951159,2.92187734216772,4.55611445676093
"292",0.418350620383054,0.468156483749825,1.51945333232583,1.59704729508388,2.15987184793601,2.97158309875904
"293",0.326164620383055,0.724718062480162,1.38564345525482,2.06414905685478,3.29384354475126,5.39755635301651
"294",-0.391953379616945,0.61301851681658,0.67573561627957,1.84599516484484,2.74100798578772,4.16241037417042
"295",0.351176620383054,0.457308847612858,1.42073823508501,1.57981673153662,2.12167552101913,2.89753236291591
"296",0.360334620383055,0.79567399093473,1.43380911605256,2.2159340130446,3.70160774097646,6.36627481584316
"297",0.323302620383054,0.47065525984525,1.38168341320912,1.60104294873097,2.16876745088936,2.98890728219578
"298",0.289403620383054,0.553104870639375,1.33563070752753,1.73864290739808,2.48376747987887,3.62087004156447
"299",0.600887620383054,0.609836380831777,1.82373686818683,1.84013029356096,2.72669862587282,4.13171083954984
"300",0.637630620383055,0.695622147337188,1.8919927153474,2.0049560640716,3.13991777111838,5.04430106260064
"301",-0.355674379616945,0.86074197289664,0.700700745537281,2.36491474553992,4.11975854469871,7.40670194620345
"302",0.551829620383055,0.419904605982121,1.73642711572951,1.5218163765155,1.99507494115161,2.65606097133723
"303",0.585909620383054,0.446363312140458,1.79662448884911,1.56261908190009,2.08381909377258,2.8246835545843
"304",0.459130620383055,0.783641086312478,1.58269742182488,2.1894296723164,3.62906443280774,6.19053662481169
"305",0.519554620383055,0.785148726071692,1.68127867566984,2.19273303305367,3.63807512430937,6.2122867799736
"306",0.808823620383054,0.526373422092149,2.24526514833553,1.6927821569838,2.37692404199437,3.40255864562858
"307",0.623536620383055,0.624593930406788,1.86551400380883,1.86748747356531,2.79369639521751,4.2760203921979
"308",-0.412100379616946,1.58881507388651,0.662257795531699,4.89794178936222,13.644932903294,40.2913404777169
"309",0.376718620383055,0.505190790494047,1.45749414252411,1.65730168770682,2.29553264072583,3.23895103077665
"310",0.285966620383055,0.953310511091218,1.33104802463756,2.59428386449161,4.79731435415705,9.18647120679993
"311",0.267607620383055,0.800271902838029,1.3068342642725,2.22614614166294,3.72970872923794,6.43473616251813
"312",0.931407620383055,0.582420563244465,2.53807931650796,1.7903668862655,2.60646937546722,3.87642306939015
"313",0.609009620383055,0.438153166809279,1.83860957533521,1.54984227363667,2.0558673470344,2.77124502883269
"314",0.784105620383055,0.59412042616712,2.1904469732615,1.811436951503,2.65711550508844,3.98338033944837
"315",-1.13160037961695,1.35776169007267,0.322516694041284,3.88748216639636,9.33078585787263,23.5382326671994
"316",0.779844620383055,0.67779007813998,2.1811333355053,1.96952043309962,3.04915794330954,4.83932625403447
"317",0.786791620383055,0.382749691252651,2.19633842250598,1.46631095367106,1.87679815877453,2.43612565379597
"318",0.167647620383054,0.699980375228477,1.1825198413329,2.01371318842147,3.16250760561853,5.09570413234854
"319",0.357279620383054,0.629276277230439,1.42943551328282,1.87625220133957,2.81529588715286,4.32285269210827
"320",0.255249620383054,0.628758453325281,1.2907837866049,1.87528088460483,2.81289899519952,4.31764835245219
"321",-0.269169379616945,0.457592830456291,0.764013836317074,1.58026543609332,2.12266680881964,2.89944722950473
"322",0.572996620383055,0.462639988250043,1.77357382374266,1.58826144669485,2.14036219057646,2.93369157474126
"323",0.0629016203830545,0.482515911775975,1.06492206745261,1.62014542182794,2.21149343013037,3.07252551135873
"324",-0.623367379616945,1.01719217703293,0.536136020981929,2.76541904554284,5.32883287657239,10.6583418571762
"325",0.832979620383055,0.594930428527572,2.30016214984579,1.81290481411536,2.66065803332004,3.99089348778037
"326",0.695048620383054,0.526804830338523,2.00380649741224,1.69351259471274,2.37861131399686,3.4059751868762
"327",0.452567620383055,0.593968317668544,1.57234418993789,1.81116143750258,2.65645078800304,3.98197104066716
"328",-0.912394179616945,0.785734732807453,0.401561661474749,2.19401836595086,3.64158353844028,6.22076148952734
"329",-0.143009379616945,1.24450235135816,0.866745939112464,3.47120692802282,7.74481979540406,18.0861309612472
"330",0.506300620383055,0.692166517604687,1.65914203170043,1.99803963547503,3.12212108862865,5.00391250135769
"331",0.517045620383054,0.526687028798887,1.67706563494229,1.69331310807184,2.37815046395788,3.40504191624964
"332",0.409878620383055,0.428432655676478,1.50663489924682,1.53484999889786,2.02325784658384,2.70928130253477
"333",0.390005620383054,0.56124430201562,1.4769890951038,1.75285222145139,2.5172441850652,3.69008498447984
"334",-0.326102379616945,1.12996522216394,0.72173129307582,3.09554884176252,6.41492556037276,13.855637538724
"335",-0.573944379616945,0.67665249557657,0.563299185167155,1.96728121488592,3.04345782524371,4.82653633037242
"336",-0.0582193796169455,0.829325280046979,0.943442952578856,2.29177191424736,3.91227362515801,6.88468309036504
"337",0.532000620383055,0.574571742215887,1.70233462946601,1.77636961987631,2.57303571561838,3.80628539262509
"338",0.247816620383055,0.66647189020393,1.28122496010773,1.94735470525185,2.99291762477239,4.71356944464765
"339",0.608901620383055,0.621268320816377,1.83841101622346,1.86128725478114,2.77845620303592,4.2430664930828
"340",0.516283620383054,0.519003531225945,1.67578819769387,1.68035239647625,2.34828398140794,3.34471925893058
"341",-0.481184379616945,1.16274442681141,0.618050951199064,3.19869983861797,6.77029315231719,14.953539465581
"342",0.281730620383055,0.805869399345204,1.32542163032155,2.23864192684587,3.76420696034287,6.51907545120497
"343",0.533086620383055,0.823540253700449,1.70418436910043,2.27855222832694,3.87522285934164,6.79264981747185
"344",0.562986620383055,0.447366680301517,1.7559089101614,1.56418775097943,2.08726105531425,2.8312845850255
"345",0.481562620383055,0.61829417724656,1.61860168707347,1.85575974314183,2.76489710241944,4.21381049809941
"346",0.178450620383054,0.594343910749492,1.19536385520682,1.81184182497341,2.65809243877175,3.98545184881645
"347",0.523743620383055,0.489506962178272,1.68833632396611,1.63151162468617,2.23707073427296,3.12290444544024
"348",-0.194479379616946,0.680910896030457,0.82326315408309,1.97567654876439,3.06485039357884,4.87458813324106
"349",0.241628620383054,0.597400487957618,1.27332121944857,1.81738833174518,2.67148997372965,4.01389204386615
"350",0.439141620383054,0.692829832524553,1.55137497814967,1.99936540462834,3.12552935639181,5.01164000563908
"351",0.356661620383054,0.485826515547474,1.42855239504726,1.6255179696534,2.22356887442132,3.09628028077673
"352",0.0952756203830545,0.384877681479454,1.09996198529349,1.46943457138518,1.88337889891957,2.44821546145081
"353",0.540056620383054,0.454510548710368,1.71610402590142,1.57540211170425,2.11193232983727,2.87873122073352
"354",0.527557620383054,0.408027095730173,1.6947879341055,1.50384790847522,1.95647590709894,2.58367542032937
"355",0.205216620383055,0.596007828473754,1.22779100071547,1.81485909024398,2.66537733938005,4.00090883747946
"356",0.347711620383054,0.544982505240306,1.4158238961096,1.72457821103114,2.45080477538907,3.55309442370895
"357",0.923473620383054,0.562215252657734,2.5180218683229,1.75455498095528,2.52126761647709,3.69842945447733
"358",0.0720536203830545,0.339524337226361,1.07471296903994,1.40427946820891,1.74799223940717,2.20306973105761
"359",-1.74622137961695,1.37230419617372,0.174431811348985,3.94442897053193,9.55667185717947,24.3481762478817
"360",-1.65057837961695,1.4099669648967,0.191938862984533,4.09582009599624,10.16742798683,26.5777301109744
"361",0.509564620383055,0.637373259848576,1.6645663189129,1.89150585374311,2.85304178520833,4.40505140061976
"362",0.0870636203830546,0.354225278143552,1.09096608519069,1.42507618883937,1.79077544136578,2.27971679547593
"363",-0.155230379616946,0.555755209323313,0.856217899608352,1.7432570117218,2.49461889926884,3.64326387813021
"364",0.451008620383054,0.484183040575566,1.56989481512953,1.62284866562189,2.21756607183479,3.0844648906381
"365",0.0560116203830544,0.889196218893114,1.05760997349822,2.43317312649752,4.31715933971747,7.91357574550358
"366",0.605801620383054,0.376014770668653,1.83272076651715,1.45646864662799,1.85612180391805,2.39825445508221
"367",0.339262620383054,0.693984284059084,1.40391199270873,2.00167490793612,3.13147007458508,5.02511763609159
"368",0.392263620383054,0.731616316292222,1.48032790457784,2.07843730628053,3.33143036694632,5.48487367254082
"369",0.163569620383055,0.362760007201731,1.17770734476979,1.43729087838657,1.81609231576371,2.32543233325707
"370",0.433568620383054,0.227909210318078,1.54275321226188,1.25597129102183,1.45481288533216,1.69926551363398
"371",-0.347380379616945,0.98291519025041,0.706536525044605,2.67223497151801,5.03670256841927,9.84144611528357
"372",-0.382843379616945,0.95337460031721,0.681919693446301,2.59445013546452,4.79782010119999,9.18784095512689
"373",0.370648620383055,0.542081954043851,1.44867394944656,1.71958323123704,2.43913987817357,3.52919994699143
"374",0.425903620383055,0.564874141490828,1.53097321341053,1.75922635518148,2.53231848516524,3.72137698911588
"375",0.486422620383055,0.597963226314963,1.6264872376394,1.81841133368386,2.67396390901961,4.01915017203865
"376",0.469027620383055,0.478331744103399,1.59843914764648,1.61338062412241,2.19632542854826,3.04276315751435
"377",0.380271620383055,0.740884714574407,1.46268182968137,2.0977906396982,3.38260766282493,5.60442004778498
"378",-0.117485379616945,1.12456842442601,0.889153511416349,3.07888778937889,6.35823263828542,13.6827698125431
"379",0.271430620383054,0.396681804624311,1.31183985375257,1.4868827355605,1.92030399662474,2.51637625572578
"380",0.0905686203830545,0.82477155548673,1.09479663042829,2.28135954172613,3.88307934486474,6.8121348235899
"381",-0.0688183796169455,0.386272860141636,0.933496206621625,1.47148612595444,1.88770596175174,2.45617447234505
"382",0.0476586203830546,0.321393020944279,1.04881255097629,1.37904746893855,1.69663092554288,2.1120773115156
"383",0.449879620383054,0.341560955980042,1.56812340403298,1.40714236443378,1.75385772711159,2.21353238509096
"384",0.691365620383054,0.910976452198958,1.99644005171886,2.48674954032075,4.47462666516052,8.32487593351446
"385",-0.244296379616946,0.678817379386385,0.783255458905659,1.97154476351591,3.05431464455533,4.8509053973725
"386",0.119247620383055,0.767559458967186,1.126648864974,2.15450168243555,3.53432721437396,5.96321828215802
"387",-0.678325179616945,0.961745463438742,0.507466195763883,2.61625907489921,4.86433742289605,9.36851420436848
"388",-0.117684379616946,0.717933775737707,0.888976587472093,2.05019267335798,3.25729134724745,5.31303753871291
"389",0.447153620383055,0.365758253848085,1.56385452076501,1.44160669765477,1.82507081756985,2.34170883976219
"390",0.744441620383055,0.749927044286309,2.1052655693394,2.11684557499935,3.43329423535971,5.72356112035111
"391",-0.243762379616945,0.690989784517832,0.783673829015593,1.99568985892816,3.1160839001838,4.99023307054642
"392",0.298538620383054,0.89263414669449,1.34788759212671,2.44155259578656,4.34164154915497,7.97712084073904
"393",0.540895620383055,0.522130071246619,1.71754444134893,1.6856143069932,2.36039160933476,3.36913549309998
"394",-0.166071379616946,0.854464437250024,0.846985774511488,2.35011540920459,4.07743832093428,7.29932243731253
"395",-0.343540379616945,0.710665502841527,0.709254841127389,2.03534533613025,3.21858148504362,5.22395710964943
"396",0.656587620383055,0.723247832296786,1.9282013403596,2.06111651242384,3.28588762244048,5.37912680484202
"397",0.610768620383054,0.513032632752538,1.84184653565021,1.67034907703925,2.32533377233051,3.29858099512311
"398",0.636273620383055,0.601231229662099,1.88942702244902,1.82436362877148,2.68837620140061,4.04982225674284
"399",-0.246313379616945,0.983621156190228,0.781677224829172,2.67412214445262,5.04255463810037,9.85762222188025
"400",0.575743620383054,0.569078806220193,1.77845252887008,1.76663888486851,2.54989284936981,3.75795629479221
"401",0.541990620383055,0.390246716203993,1.71942618257751,1.47734523393226,1.90008519863528,2.47898603221183
"402",0.367331620383054,0.490884034477594,1.44387665866152,1.63375988180156,2.24214362683574,3.13292486541239
"403",-0.451896379616946,0.782844132737801,0.636420112404356,2.18768549361958,3.62431031064062,6.17907005679364
"404",0.526536620383054,0.529985031094275,1.69305843868244,1.69890687765133,2.39108634570784,3.43126689580459
"405",0.219881620383055,0.469066231886287,1.24592922923208,1.59850086697633,2.16310630503751,2.97787878914485
"406",0.379531620383055,0.703771600871334,1.46159984551093,2.02136211974931,3.18229065818219,5.14084553801414
"407",0.586677620383055,0.586109175376056,1.79800482643834,1.79698305001156,2.6223314878088,3.90982976267614
"408",0.461686620383055,0.436550798286981,1.58674797083146,1.54736084377636,2.05045591074793,2.7609339812972
"409",0.846540620383054,0.466617667117309,2.33156710880265,1.59459162204312,2.15441184846193,2.9609643757387
"410",0.358022620383055,0.751835890117651,1.43049797852615,2.12089016587289,3.44409093715109,5.7490339074815
"411",0.462658620383054,0.58081942013848,1.58829103966907,1.78750254638933,2.59961388912948,3.86201096513907
"412",-0.367586379616946,0.882321459452279,0.692403514675037,2.41650301373811,4.26861599912639,7.78801996773696
"413",0.317725620383054,0.510611559048559,1.37399921212513,1.66630993032131,2.31609198212231,3.28005475171672
"414",-0.240610379616946,0.928746317044649,0.786147865958554,2.5313336976002,4.6073449028577,8.67622928555094
"415",0.215560620383054,0.328405245567119,1.24055718369542,1.38875164371911,1.71631329849401,2.14681391888387
"416",0.224985620383054,1.00698060722389,1.25230470840039,2.73732347001457,5.24007443854903,10.4081296179327
"417",0.509746620383054,0.571306023887373,1.66486929755317,1.77057795916404,2.55925137859829,3.77747785988187
"418",0.379008620383054,0.311872407564376,1.46083562865185,1.36598039314467,1.67026861488114,2.06581270826017
"419",0.313049620383055,0.792853136211871,1.36758938965338,2.20969199317307,3.68447246035568,6.32463425631493
"420",0.409676620383055,0.574523422513556,1.50633058973347,1.77628378829875,2.57283122185708,3.80585755808068
"421",0.193103620383055,0.49784769674771,1.21300847941048,1.6451765385847,2.26797324637484,3.18409126411854
"422",0.606859620383055,0.314565647361564,1.83466081119079,1.36966426444931,1.67768429375278,2.07879650935204
"423",0.180016620383054,0.637580085405747,1.19723726149834,1.89189710595429,2.8540125487717,4.40717139312542
"424",-0.0802993796169454,0.701091675116029,0.922840025532938,2.01595227157731,3.16829372107461,5.10889494760091
"425",0.154133620383054,0.523229299375522,1.16664676415153,1.68746820039314,2.36466322163782,3.37776202778449
"426",0.676999620383055,0.608672681185052,1.96796422553505,1.83799018005459,2.72148440144466,4.1205407216205
"427",0.411670620383055,0.431641443909178,1.50933720953314,1.53978291762649,2.03396480586054,2.7295811032379
"428",0.776952620383055,0.467174683013752,2.17483461024578,1.59548008234522,2.15638664584365,2.96480371811588
"429",0.272515620383055,0.78503123655368,1.31326397243857,2.19247542503991,3.63737212309046,6.21058906051399
"430",0.391385620383055,0.475211924419158,1.47902874709122,1.60835501107267,2.18508353175165,3.02075937994502
"431",0.607522620383055,0.303327141767762,1.83587759462775,1.35435745887062,1.646956022548,2.0251513760921
"432",0.524351620383054,0.306932535142236,1.68936314457291,1.35924926342037,1.65675205714123,2.04220856186549
"433",0.675965620383055,0.577574518032089,1.96593040219372,1.78171167609617,2.58577570130377,3.83296728826618
"434",0.415044620383055,0.35769181114054,1.51443831400215,1.43002483483793,1.80101550071817,2.29817558535646
"435",0.387450620383054,0.439880430018204,1.47322020477349,1.55252157243655,2.06171656695181,2.78240288976635
"436",0.482717620383054,0.719424876987862,1.62047225206537,2.05325199853124,3.26529012611069,5.33149951289663
"437",0.204202620383055,0.94526618236611,1.22654665163235,2.57349830729493,4.73425563062957,9.01615504959903
"438",0.789203620383055,0.399223655073193,2.20164238478816,1.49066697655916,1.92834954110952,2.53130024422564
"439",0.535223620383055,0.489745568598635,1.70783010517877,1.63190096028185,2.23794889563672,3.12463839324185
"440",0.498310620383054,0.643464630217544,1.64593830599519,1.90306287978125,2.88177127410607,4.46791820650291
"441",0.323463620383055,0.590939612208388,1.38190588214691,1.80568426153085,2.6432498515016,3.95401338747221
"442",0.543144620383054,0.596623227952952,1.72141154572641,1.815976297312,2.66807671242207,4.00664077371821
"443",-0.120147379616945,1.02015889779289,0.886789732354749,2.77363545350291,5.35490017945566,10.7321561571123
"444",0.272102620383055,0.624695335974265,1.3127217064036,1.86767685679442,2.79416241514079,4.27702924418238
"445",0.492636620383055,0.589940470862951,1.63662569690334,1.80388102872059,2.63890939324065,3.94483354780627
"446",0.552047620383055,1.01361009730419,1.73680569810471,2.75553081482694,5.29752772562535,10.5698931916174
"447",0.358270620383055,0.628763360790051,1.43085278601914,1.87529008750228,2.81292170118407,4.31769764503746
"448",0.632815620383055,0.571553039611373,1.88290466745657,1.77101537378244,2.56029142576002,3.77964919058635
"449",0.443300620383055,0.490302004855171,1.55784058258844,1.63280926182575,2.23999812987105,3.12868574511101
"450",0.422660620383055,0.637328706477278,1.52601630924388,1.89142158265779,2.85283271119883,4.4045948555005
"451",0.702570620383054,0.424393039646034,2.01893596046034,1.52866230061506,2.00985871893744,2.68393995000679
"452",0.299945620383055,0.538703679910394,1.34978540476694,1.71378380922092,2.42562373530779,3.50157252516396
"453",0.564971620383054,0.61486824430686,1.75939785097623,1.84941291282489,2.74936028710156,4.18036027476839
"454",0.564783620383055,0.635090610429724,1.75906711527038,1.88719313309257,2.84234977035678,4.38172153372645
"455",0.591384620383055,0.438848714820951,1.80648798460651,1.55092063833224,2.05822075877312,2.77573277318558
"456",0.660221620383054,0.918707569017476,1.93522117133806,2.50604940012116,4.5318918398554,8.47595558285029
"457",-0.780785779616946,0.97360316569586,0.458045946689499,2.6474665548797,4.96014363162399,9.6305434253115
"458",0.0941196203830545,0.473691046301279,1.09869116391477,1.60591075830696,2.17962411051173,3.0100905414224
"459",0.286913620383054,0.815727363670608,1.33230912415326,2.26081951242159,3.82574076560001,6.670305215141
"460",0.406427620383055,0.573345794753044,1.50144446345772,1.77419321839728,2.56785240630809,3.79544540682895
"461",0.369646620383055,0.536852152317563,1.4472231051436,1.71061362695563,2.41824775537106,3.48652264677127
"462",0.179973620383055,0.737412099738674,1.19718578140293,2.09051845485698,3.36334147636216,5.55932707087224
"463",0.553023620383054,0.498619321892965,1.73850164795496,1.64644648806972,2.2708536091553,3.18981205917292
"464",0.557119620383055,0.626650564641092,1.74563715424571,1.87133216444184,2.80316308860568,4.29652780294836
"465",0.356993620383055,0.557576279453314,1.42902675318151,1.7464344973287,2.50210246779565,3.65873109637738
"466",0.641600620383055,0.65114998449282,1.89951885593149,1.91774493836551,2.91843178967552,4.54851762013451
"467",0.232565620383055,0.367084616678498,1.26183324562323,1.44352005982034,1.8290568713218,2.34894553184649
"468",0.833476620383055,0.832495374284446,2.30130561456171,2.29904857494248,3.93272683259829,6.93564353092423
"469",0.876767620383055,0.484730866968465,2.40311934466334,1.62373794851668,2.21956520839515,3.08839834585816
"470",0.505111620383055,0.492152490061769,1.65717048414203,1.63583354854587,2.24682657219607,3.14218336972346
"471",-0.622420379616946,1.29828757664125,0.536643982275509,3.66301865513716,8.46121710630906,20.496795232734
"472",0.335116620383054,0.432671342635493,1.39810342307226,1.54136955498981,2.03741332879207,2.7361287546427
"473",0.123556620383054,0.286797721642432,1.13151406948842,1.33215472015144,1.60278104358032,1.94875609693267
"474",0.294870620383055,0.517980882184854,1.34295259675335,1.67863486407541,2.34433723453115,3.3367715043967
"475",0.241839620383054,0.475869429933254,1.27358991857263,1.60941286109407,2.18744797865603,3.02538342841776
"476",0.142550620383055,0.438016067427897,1.15321145548551,1.54962980578465,2.05540378391875,2.77036130651048
"477",0.644785620383055,0.494708142504245,1.90557846829782,1.64001951721188,2.25629137860889,3.16092035123804
"478",0.744763620383055,0.285289662641831,2.10594357400562,1.33014726629541,1.59881021392349,1.94193131326416
"479",0.505556620383055,0.752087775965678,1.6579080891124,2.12142445537805,3.44551817253792,5.7524036796951
"480",0.698171620383055,0.616540460635796,2.01007416697557,1.85250811850214,2.75693295277387,4.19665420456642
"481",0.514683620383054,0.438107226765321,1.6731090804429,1.54977107544993,2.0557120020115,2.7709488747086
"482",0.553324620383055,0.473697600497406,1.7390250157139,1.60592128379553,2.17964760849737,3.01013643764689
"483",0.193729620383055,0.600056425300988,1.21376806044265,1.82222161689296,2.68318624982941,4.03876918874024
"484",0.542087620383054,0.256398317094119,1.71959297500652,1.29226735761871,1.52460857017342,1.81570111045535
"485",0.623955620383055,0.524540562490643,1.86629581795506,1.68968236656222,2.36976891623729,3.38808146750101
"486",0.652419620383055,0.516605319427704,1.92018132250066,1.67632738387929,2.33903893475912,3.3261107769292
"487",0.493343620383054,0.617672049030875,1.63778320040033,1.85460558169952,2.76206920313015,4.2077163174886
"488",0.413418620383054,0.559752948964094,1.5119778382125,1.75024004826243,2.51107680795638,3.67730476419686
"489",0.609439620383055,1.04677548952963,1.83940034745643,2.84845143232492,5.59454748794598,11.4176903151931
"490",0.660986620383054,0.568989883844168,1.93670218194847,1.76648179812566,2.54951991836959,3.75717898789297
"491",0.778641620383055,1.26012469064018,2.17851100974788,3.52586110183487,7.9464132855304,18.7555253642277
"492",-0.207851379616946,0.67083700855722,0.812327756203321,1.95587371874022,3.01448404631734,4.76167857880203
"493",0.525977620383055,0.718844403843419,1.69211228349023,2.05206048674107,3.26217393668487,5.32430480833428
"494",0.449918620383055,0.756832796544257,1.56818456203831,2.13151457806284,3.47251519133623,5.81625374024775
"495",0.425894620383054,0.69334143440083,1.53095943471361,2.00038854541877,3.12816062819683,5.01760822971822
"496",0.701335620383055,0.70439161864761,2.01644411358134,2.02261578880423,3.18553773614177,5.14826592577426
"497",0.331272620383054,0.413696377571765,1.39273942971422,1.51239785925546,1.97480564734962,2.61797649301747
"498",-1.06056737961695,1.28453273984161,0.346259294120022,3.61297936143273,8.27193397564369,19.8513101696999
"499",0.0442696203830545,1.31281753976743,1.04526414141724,3.71663072864139,8.66587320429871,21.2014652030567
"500",0.374828620383054,0.270782941755939,1.45474208011294,1.31099047820799,1.56111186890633,1.87748914099253
